{"val_loss": [1.5814464092254639, 0.745537519454956, 0.4887768030166626, 0.42764371633529663, 0.3981841206550598, 0.3950185775756836, 0.38971146941185, 0.38394996523857117, 0.38538962602615356, 0.3892480432987213, 0.3897550106048584, 0.40533125400543213, 0.39462268352508545, 0.3937630355358124, 0.3958320915699005, 0.39062586426734924, 0.3956226408481598, 0.4026492238044739, 0.4104473888874054, 0.4122192859649658, 0.41987043619155884, 0.5411363244056702, 0.4528646767139435, 0.35668039321899414, 0.28086912631988525, 0.22772832214832306, 0.1931239515542984, 0.17171688377857208, 0.16096746921539307, 0.1551293432712555, 0.15270939469337463, 0.1497163474559784, 0.1505393236875534, 0.1486312747001648, 0.14791986346244812, 0.14556972682476044, 0.1549941748380661, 0.14959630370140076, 0.14254076778888702, 0.13662010431289673, 0.13192309439182281, 0.12817126512527466, 0.1251082420349121, 0.12267126142978668, 0.12098951637744904, 0.1192956194281578, 0.11925509572029114, 0.11882729083299637, 0.11835294961929321, 0.11789454519748688, 0.11752763390541077, 0.11735737323760986, 0.11724299937486649, 0.11717422306537628, 0.11713150143623352, 0.11705531179904938, 0.11700016260147095, 0.11696097999811172, 0.11691109836101532, 0.11689260601997375, 0.11685901135206223, 0.1168099045753479, 0.1167754977941513, 0.11676018685102463, 0.11674708127975464, 0.11674228310585022, 0.11668680608272552, 0.1167074590921402, 0.11666731536388397, 0.11661963164806366, 0.11659029871225357, 0.11655696481466293, 0.11649970710277557, 0.11647313833236694, 0.11643040180206299, 0.11641538888216019, 0.11644446849822998, 0.11637667566537857, 0.11633696407079697, 0.11633481085300446], "val_mean_squared_error": [0.14123404026031494, 0.10704286396503448, 0.1040036603808403, 0.10931825637817383, 0.10201320797204971, 0.10276445746421814, 0.10203103721141815, 0.1011819839477539, 0.10063984990119934, 0.10356727242469788, 0.10270902514457703, 0.11180997639894485, 0.10411610454320908, 0.10182567685842514, 0.10307325422763824, 0.09916418045759201, 0.09874222427606583, 0.10070821642875671, 0.10394980758428574, 0.10374412685632706, 0.10479052364826202, 0.11495882272720337, 0.09714975953102112, 0.09170160442590714, 0.09091295301914215, 0.09148397296667099, 0.09181341528892517, 0.0913824662566185, 0.0912478044629097, 0.09145543724298477, 0.09175413846969604, 0.09106598049402237, 0.09274806827306747, 0.09167913347482681, 0.09193113446235657, 0.09072667360305786, 0.09165161103010178, 0.09089937806129456, 0.0903284102678299, 0.08996815979480743, 0.0899183377623558, 0.08986994624137878, 0.0898507684469223, 0.08984971791505814, 0.08990665525197983, 0.08985280990600586, 0.08988790214061737, 0.08982370048761368, 0.08977467566728592, 0.08971340209245682, 0.08969119936227798, 0.08966367691755295, 0.08961663395166397, 0.08959565311670303, 0.08958809077739716, 0.08955743908882141, 0.08954344689846039, 0.08953962475061417, 0.08952448517084122, 0.08953443169593811, 0.0895318016409874, 0.0895208939909935, 0.08951644599437714, 0.08952883630990982, 0.08954305946826935, 0.08956105262041092, 0.08954109251499176, 0.08957737684249878, 0.08957088738679886, 0.08955983817577362, 0.08955900371074677, 0.08955606818199158, 0.08953461050987244, 0.08953586220741272, 0.08952423930168152, 0.08953461796045303, 0.08957516402006149, 0.08954592049121857, 0.0895356833934784, 0.08955299109220505], "val_cosine_proximity": [-0.377787709236145, -0.5075855255126953, -0.5235939621925354, -0.5284501910209656, -0.5376533269882202, -0.5466793179512024, -0.5343471765518188, -0.5418866872787476, -0.5424535870552063, -0.5343226194381714, -0.5295543074607849, -0.5022000074386597, -0.5195814371109009, -0.5358592867851257, -0.5321399569511414, -0.542439877986908, -0.5492908358573914, -0.543083131313324, -0.5237295627593994, -0.5265097618103027, -0.5224574208259583, -0.47186172008514404, -0.5540014505386353, -0.5910712480545044, -0.6014572978019714, -0.6027153730392456, -0.6004154086112976, -0.6023666262626648, -0.602624773979187, -0.6010037064552307, -0.599184513092041, -0.6000207662582397, -0.5942001342773438, -0.5978524088859558, -0.5974327921867371, -0.6023280024528503, -0.5947667956352234, -0.5998684167861938, -0.6035894751548767, -0.6053276658058167, -0.6057205200195312, -0.6054699420928955, -0.6051750779151917, -0.6047834157943726, -0.603939950466156, -0.6038089990615845, -0.6033027172088623, -0.6034976243972778, -0.6036808490753174, -0.6038884520530701, -0.6039940118789673, -0.6040812134742737, -0.6042540073394775, -0.6043633818626404, -0.6043581962585449, -0.604468822479248, -0.6045311093330383, -0.6045448780059814, -0.6045599579811096, -0.6045210361480713, -0.6045049428939819, -0.6045584082603455, -0.6045351624488831, -0.6044920086860657, -0.6044662594795227, -0.6043736934661865, -0.6044287085533142, -0.6042766571044922, -0.6042933464050293, -0.6043605804443359, -0.6043444275856018, -0.6043477058410645, -0.6044245958328247, -0.6044043898582458, -0.6044362783432007, -0.6044115424156189, -0.6042588949203491, -0.6043651103973389, -0.6043930053710938, -0.6043290495872498], "val_mean_absolute_error": [0.29166221618652344, 0.25425490736961365, 0.24932393431663513, 0.2558912932872772, 0.2477140873670578, 0.24949699640274048, 0.24714802205562592, 0.2452504187822342, 0.24536649882793427, 0.2501102685928345, 0.2494049072265625, 0.2594510316848755, 0.25134387612342834, 0.24740789830684662, 0.24832867085933685, 0.24385985732078552, 0.2436562329530716, 0.2464262843132019, 0.25061193108558655, 0.24934130907058716, 0.251278281211853, 0.2651161551475525, 0.24179397523403168, 0.23426410555839539, 0.23311737179756165, 0.2336093932390213, 0.23391588032245636, 0.23343533277511597, 0.23343761265277863, 0.23387771844863892, 0.23409119248390198, 0.2332465499639511, 0.23545581102371216, 0.23430611193180084, 0.23435097932815552, 0.23267672955989838, 0.2339879423379898, 0.23297452926635742, 0.23230323195457458, 0.23197567462921143, 0.23194722831249237, 0.23192602396011353, 0.23195873200893402, 0.23203030228614807, 0.23215560615062714, 0.23211029171943665, 0.23220890760421753, 0.232141375541687, 0.23208358883857727, 0.23201686143875122, 0.2319927215576172, 0.23196370899677277, 0.23191310465335846, 0.2318887710571289, 0.23188045620918274, 0.2318471074104309, 0.23183006048202515, 0.23182690143585205, 0.23181186616420746, 0.23182207345962524, 0.2318199872970581, 0.23180830478668213, 0.23180259764194489, 0.2318170964717865, 0.23183374106884003, 0.2318536788225174, 0.23183225095272064, 0.23187151551246643, 0.23186279833316803, 0.23185127973556519, 0.2318502962589264, 0.23184794187545776, 0.23182480037212372, 0.23182658851146698, 0.23181402683258057, 0.23182612657546997, 0.23187175393104553, 0.23183830082416534, 0.2318284958600998, 0.23184815049171448],