{"val_loss": [1.1895674467086792, 0.8670335412025452, 0.5953011512756348, 0.4689258933067322, 0.4515073597431183, 0.45371806621551514, 0.47200584411621094, 0.48570314049720764, 0.5176100730895996, 0.5447617173194885, 0.5582286715507507, 0.5943170189857483, 0.6245532631874084, 0.6570228934288025, 0.6960562467575073, 0.7271686792373657, 0.7631789445877075, 0.8138307332992554, 0.8233854174613953, 0.8676418662071228, 0.9336199760437012, 0.8943056464195251, 0.8500299453735352, 0.8200510740280151, 0.7942774295806885, 0.7744673490524292, 0.7665919661521912, 0.7562823295593262, 0.7466524839401245, 0.7420114874839783, 0.7309894561767578, 0.7274364233016968, 0.7260863184928894, 0.7220273613929749, 0.7152056097984314, 0.7144931554794312, 0.7158329486846924, 0.7176499366760254, 0.7188495993614197, 0.7205683588981628, 0.7239055633544922, 0.7257435917854309, 0.725757360458374, 0.7263866662979126, 0.7257906198501587, 0.7272413969039917, 0.7282731533050537, 0.7291738390922546, 0.7299132943153381, 0.7307032346725464, 0.7311543822288513, 0.7314929962158203, 0.7321320176124573, 0.7324702143669128, 0.732824444770813, 0.7329668402671814, 0.7332164645195007, 0.7333983182907104, 0.7336735725402832, 0.7337390780448914, 0.7337948679924011, 0.7339009642601013, 0.7340601682662964, 0.7341731786727905, 0.7342973947525024, 0.7343893051147461, 0.7346871495246887, 0.7345522046089172, 0.7344512343406677, 0.7345250844955444, 0.7344595193862915, 0.7344626188278198, 0.7345049381256104, 0.7344021201133728, 0.7344838380813599, 0.7346439361572266, 0.7347596883773804, 0.7349058389663696, 0.7348749041557312, 0.7351613640785217], "val_mean_squared_error": [0.14707709848880768, 0.1374598741531372, 0.14133889973163605, 0.15098243951797485, 0.16121651232242584, 0.16305842995643616, 0.1699690967798233, 0.17132900655269623, 0.18675953149795532, 0.19594307243824005, 0.19119903445243835, 0.20764103531837463, 0.21749073266983032, 0.23037496209144592, 0.24798229336738586, 0.25981301069259644, 0.2707973122596741, 0.3011561632156372, 0.28807926177978516, 0.3131704032421112, 0.33524391055107117, 0.3095887005329132, 0.28969332575798035, 0.2816775441169739, 0.2742643356323242, 0.2696317732334137, 0.2741672396659851, 0.2744555175304413, 0.2735233008861542, 0.2758723199367523, 0.27107974886894226, 0.2729561924934387, 0.27632397413253784, 0.2764277160167694, 0.27288752794265747, 0.27260857820510864, 0.27501803636550903, 0.27829545736312866, 0.28084155917167664, 0.28386199474334717, 0.28826430439949036, 0.2912110388278961, 0.29230931401252747, 0.29390284419059753, 0.2941789925098419, 0.2959015965461731, 0.2970791757106781, 0.2981163263320923, 0.29898011684417725, 0.299882709980011, 0.30038484930992126, 0.3007456064224243, 0.3013934791088104, 0.30175015330314636, 0.3021235764026642, 0.30227991938591003, 0.30254122614860535, 0.3027375340461731, 0.3030170500278473, 0.3030928373336792, 0.3031601011753082, 0.3032754063606262, 0.3034433424472809, 0.30356329679489136, 0.30369335412979126, 0.3037908971309662, 0.30410316586494446, 0.3039837181568146, 0.3039000630378723, 0.303981214761734, 0.3039242625236511, 0.3039391338825226, 0.3040000796318054, 0.30391132831573486, 0.3040046691894531, 0.3041747510433197, 0.30430567264556885, 0.30446192622184753, 0.3044406771659851, 0.30473268032073975], "val_cosine_proximity": [-0.19134217500686646, -0.27657294273376465, -0.2816618084907532, -0.2853100895881653, -0.2755671441555023, -0.2818436324596405, -0.26542580127716064, -0.2668460011482239, -0.24795109033584595, -0.24419158697128296, -0.2460242509841919, -0.23252104222774506, -0.2312229871749878, -0.2249726504087448, -0.2312772423028946, -0.2208179086446762, -0.19608734548091888, -0.21650253236293793, -0.19809803366661072, -0.2029893547296524, -0.20042358338832855, -0.20405040681362152, -0.21463645994663239, -0.21683834493160248, -0.21369963884353638, -0.21288490295410156, -0.21249499917030334, -0.2135539948940277, -0.21477583050727844, -0.2092932164669037, -0.20779414474964142, -0.2074139416217804, -0.2081870287656784, -0.20538659393787384, -0.20133201777935028, -0.20472592115402222, -0.2036675661802292, -0.20345836877822876, -0.20280246436595917, -0.20239290595054626, -0.20089873671531677, -0.20066504180431366, -0.20130176842212677, -0.2014961838722229, -0.2011031210422516, -0.20044483244419098, -0.20039556920528412, -0.200423926115036, -0.20043472945690155, -0.20034851133823395, -0.20035000145435333, -0.20039251446723938, -0.20034851133823395, -0.20040805637836456, -0.2004782259464264, -0.20049776136875153, -0.2004930078983307, -0.2005186825990677, -0.2004433125257492, -0.2004287838935852, -0.20042705535888672, -0.20040327310562134, -0.20037241280078888, -0.20032711327075958, -0.20027011632919312, -0.20021043717861176, -0.2002425193786621, -0.20028461515903473, -0.20034067332744598, -0.20030245184898376, -0.2002783566713333, -0.2002844661474228, -0.20035980641841888, -0.2003886103630066, -0.20039762556552887, -0.20038409531116486, -0.2004242092370987, -0.20041784644126892, -0.20040646195411682, -0.20035366714000702], "val_mean_absolute_error": [0.2558008134365082, 0.24277925491333008, 0.24105431139469147, 0.24553848803043365, 0.25091803073883057, 0.2503308057785034, 0.2523154318332672, 0.2515075206756592, 0.2576536238193512, 0.26179829239845276, 0.25840985774993896, 0.26382124423980713, 0.2662704586982727, 0.27309584617614746, 0.2798205614089966, 0.2823277413845062, 0.287006139755249, 0.29598796367645264, 0.2930850088596344, 0.3031666874885559, 0.3199881315231323, 0.30578112602233887, 0.2944234609603882, 0.29002001881599426, 0.28746214509010315, 0.2862117290496826, 0.28758540749549866, 0.28763216733932495, 0.28761783242225647, 0.28837165236473083, 0.2866820991039276, 0.2872871160507202, 0.288157194852829, 0.2881008982658386, 0.28697678446769714, 0.2862190902233124, 0.28687992691993713, 0.28788453340530396, 0.28868022561073303, 0.28967002034187317, 0.291124552488327, 0.29208123683929443, 0.29255086183547974, 0.2930462658405304, 0.29317396879196167, 0.29371610283851624, 0.2940489649772644, 0.29433533549308777, 0.2945759892463684, 0.2948266267776489, 0.2949623167514801, 0.29505258798599243, 0.2952275574207306, 0.29531604051589966, 0.295414000749588, 0.29545772075653076, 0.29552528262138367, 0.29558661580085754, 0.29566726088523865, 0.2956855297088623, 0.2957044839859009, 0.2957378029823303, 0.2957899868488312, 0.2958204746246338, 0.29586535692214966, 0.2958957254886627, 0.2959709167480469, 0.2959364354610443, 0.2959165573120117, 0.295934796333313, 0.295917809009552, 0.29592931270599365, 0.29594406485557556, 0.29591941833496094, 0.29594752192497253, 0.29599547386169434, 0.29602211713790894, 0.2960643470287323, 0.296062171459198, 0.2961546778678894],