{"val_loss": [5.1092329025268555, 4.054176330566406, 3.185936212539673, 2.5407018661499023, 2.1435599327087402, 1.982764482498169, 1.9732723236083984, 1.9922332763671875, 1.9604722261428833, 1.8666296005249023, 1.736859917640686, 1.610703945159912, 1.5302207469940186, 1.5072699785232544, 1.503785252571106, 1.4727401733398438, 1.4181450605392456, 1.3729803562164307, 1.3612234592437744, 1.352552890777588, 1.3268013000488281, 1.3001502752304077, 1.2896199226379395, 1.2813228368759155, 1.2656445503234863, 1.2560155391693115, 1.2496826648712158, 1.2405080795288086, 1.233634352684021, 1.2283198833465576, 1.224571704864502, 1.2182321548461914, 1.2149769067764282, 1.2115066051483154, 1.2082525491714478, 1.2056608200073242, 1.2044950723648071, 1.2013418674468994, 1.1986970901489258, 1.1969462633132935, 1.1953226327896118, 1.1961227655410767, 1.1941298246383667, 1.192881464958191, 1.1918044090270996, 1.1885145902633667, 1.1886935234069824, 1.1875886917114258, 1.186612606048584, 1.1865332126617432, 1.1866644620895386, 1.184788465499878, 1.1843844652175903, 1.1815170049667358, 1.1806316375732422, 1.1811209917068481, 1.1786878108978271, 1.1786152124404907, 1.178484559059143, 1.1784965991973877, 1.1786012649536133, 1.1776509284973145, 1.1780470609664917, 1.17670738697052, 1.1751298904418945, 1.1767266988754272, 1.175746202468872, 1.1738865375518799, 1.1761741638183594, 1.17744779586792, 1.1754182577133179, 1.1723673343658447, 1.1720949411392212, 1.1707013845443726, 1.1727737188339233, 1.172027349472046, 1.1720466613769531, 1.1731396913528442, 1.171942949295044, 1.1703472137451172], "val_mean_squared_error": [1.1028501987457275, 1.0842037200927734, 1.0688865184783936, 1.0581088066101074, 1.0551871061325073, 1.059124231338501, 1.064423680305481, 1.067918300628662, 1.0658396482467651, 1.0615122318267822, 1.0593870878219604, 1.060800552368164, 1.0652782917022705, 1.073077917098999, 1.079411268234253, 1.0810109376907349, 1.0795280933380127, 1.0794718265533447, 1.0824106931686401, 1.0832607746124268, 1.0827158689498901, 1.0833832025527954, 1.084230661392212, 1.0856916904449463, 1.08582603931427, 1.0862735509872437, 1.0865875482559204, 1.0863770246505737, 1.0861999988555908, 1.0870280265808105, 1.0885648727416992, 1.0876166820526123, 1.0880357027053833, 1.088524580001831, 1.0891581773757935, 1.0893993377685547, 1.0890836715698242, 1.0896035432815552, 1.0896567106246948, 1.0897321701049805, 1.0895133018493652, 1.089231014251709, 1.0894159078598022, 1.0896435976028442, 1.08929443359375, 1.0894012451171875, 1.0890227556228638, 1.0886062383651733, 1.0886313915252686, 1.0885883569717407, 1.0881861448287964, 1.0879442691802979, 1.0872769355773926, 1.0859483480453491, 1.0850450992584229, 1.0853540897369385, 1.0851714611053467, 1.0852575302124023, 1.0852359533309937, 1.0849456787109375, 1.0844489336013794, 1.0845403671264648, 1.0848113298416138, 1.0839604139328003, 1.0838701725006104, 1.0847139358520508, 1.084424614906311, 1.0835942029953003, 1.0838501453399658, 1.0843536853790283, 1.0823860168457031, 1.081931710243225, 1.0822054147720337, 1.0822118520736694, 1.0826412439346313, 1.0821868181228638, 1.0829262733459473, 1.0826843976974487, 1.0819100141525269, 1.0809630155563354], "val_cosine_proximity": [-0.02352399006485939, -0.05771631747484207, -0.11386551707983017, -0.1574140191078186, -0.16544795036315918, -0.1482129544019699, -0.125413715839386, -0.11363464593887329, -0.1210181936621666, -0.1381070911884308, -0.1458440124988556, -0.14029192924499512, -0.12179696559906006, -0.09270399063825607, -0.06854882091283798, -0.06264448910951614, -0.06873343884944916, -0.068792924284935, -0.0559363067150116, -0.05221674591302872, -0.054616641253232956, -0.051705896854400635, -0.04807557165622711, -0.041392866522073746, -0.040272705256938934, -0.03807593509554863, -0.03597066551446915, -0.036753758788108826, -0.0372697189450264, -0.033097848296165466, -0.025145942345261574, -0.029069896787405014, -0.026657287031412125, -0.02377128414809704, -0.020020216703414917, -0.018128905445337296, -0.019240664318203926, -0.015788232907652855, -0.014852678403258324, -0.0137911606580019, -0.014282859861850739, -0.015096140094101429, -0.01353513915091753, -0.011687594465911388, -0.012702247127890587, -0.011536036618053913, -0.012787255458533764, -0.014425655826926231, -0.013672960922122002, -0.013383066281676292, -0.01505337841808796, -0.015523470938205719, -0.019065935164690018, -0.026315201073884964, -0.03140375018119812, -0.029160166159272194, -0.02951592579483986, -0.028579015284776688, -0.028104668483138084, -0.02963026985526085, -0.032249581068754196, -0.03126411512494087, -0.029007723554968834, -0.03425319865345955, -0.03461689129471779, -0.02855272963643074, -0.029869068413972855, -0.035219378769397736, -0.03306460380554199, -0.029021119698882103, -0.04264489561319351, -0.0457824245095253, -0.043694980442523956, -0.04321218281984329, -0.039994243532419205, -0.042794037610292435, -0.037566687911748886, -0.038983143866062164, -0.044450368732213974, -0.052139829844236374], "val_mean_absolute_error": [0.831096351146698, 0.8237042427062988, 0.817527174949646, 0.8131942749023438, 0.8118450045585632, 0.8134034872055054, 0.8156052827835083, 0.816940188407898, 0.8160742521286011, 0.8142080307006836, 0.8132410049438477, 0.8138502240180969, 0.8157035708427429, 0.8187739253044128, 0.8213866353034973, 0.8220985531806946, 0.8215128183364868, 0.8214902877807617, 0.8226126432418823, 0.8229736089706421, 0.82274329662323, 0.8230170011520386, 0.8233556747436523, 0.823914647102356, 0.8239776492118835, 0.8241580724716187, 0.824319064617157, 0.8241590261459351, 0.8241091966629028, 0.8244882822036743, 0.8250964879989624, 0.8247194290161133, 0.8248208165168762, 0.8250670433044434, 0.8253347277641296, 0.825411319732666, 0.8252550959587097, 0.8254750967025757, 0.8255094289779663, 0.8255323171615601, 0.8254364132881165, 0.8253315091133118, 0.8254069089889526, 0.8254877328872681, 0.8253488540649414, 0.8253868222236633, 0.8252404928207397, 0.825065016746521, 0.8250793218612671, 0.8250443339347839, 0.8248775601387024, 0.8248047828674316, 0.8245145082473755, 0.8239739537239075, 0.8236085176467896, 0.8237446546554565, 0.8236857652664185, 0.8237120509147644, 0.8237118721008301, 0.8235800862312317, 0.8233816027641296, 0.8234255909919739, 0.8235431909561157, 0.823206901550293, 0.8231647610664368, 0.8234826922416687, 0.8233669996261597, 0.8230476379394531, 0.8231701850891113, 0.8233658671379089, 0.8225982785224915, 0.8223953247070312, 0.8225197792053223, 0.8225067853927612, 0.8226749300956726, 0.822515606880188, 0.822806179523468, 0.8227320909500122, 0.8224177360534668, 0.8220179677009583],