{"val_loss": [1.1139581203460693, 0.7666457891464233, 0.4746999442577362, 0.31328511238098145, 0.2657870054244995, 0.24611815810203552, 0.2338259518146515, 0.23071831464767456, 0.223556786775589, 0.2237926572561264, 0.2209499031305313, 0.21818092465400696, 0.2135305404663086, 0.21455150842666626, 0.2161092311143875, 0.21250754594802856, 0.21827414631843567, 0.21591754257678986, 0.21913552284240723, 0.21343636512756348, 0.25935229659080505, 0.23220542073249817, 0.20328718423843384, 0.17690272629261017, 0.1559184491634369, 0.13855978846549988, 0.12615378201007843, 0.1156029999256134, 0.10758259147405624, 0.102626271545887, 0.09879224002361298, 0.0956375002861023, 0.09369231015443802, 0.09146597981452942, 0.09058142453432083, 0.09221935272216797, 0.09082631766796112, 0.08876609802246094, 0.08688930422067642, 0.08512788265943527, 0.08366356790065765, 0.0823705866932869, 0.0813336968421936, 0.08009258657693863, 0.07919609546661377, 0.0789041742682457, 0.07870863378047943, 0.07854213565587997, 0.07838194072246552, 0.07823396474123001, 0.07818013429641724, 0.07815005630254745, 0.07811230421066284, 0.07808835059404373, 0.07806402444839478, 0.0780554786324501, 0.07805175334215164, 0.07803377509117126, 0.07803177088499069, 0.07800018787384033, 0.07798819988965988, 0.0779782235622406, 0.07796590030193329, 0.07795952260494232, 0.07794444262981415, 0.07792222499847412, 0.07792288810014725, 0.07791055738925934, 0.07789591699838638, 0.07785683870315552, 0.07784787565469742, 0.07783958315849304, 0.07782475650310516, 0.07779629528522491, 0.07778700441122055, 0.07778188586235046, 0.07777845859527588, 0.07776673138141632, 0.07774010300636292, 0.07772646844387054], "val_mean_squared_error": [0.08792292326688766, 0.07825641334056854, 0.07279055565595627, 0.07071215659379959, 0.07153791189193726, 0.07131162285804749, 0.06991451233625412, 0.07118768990039825, 0.06993419677019119, 0.0707220584154129, 0.07003804296255112, 0.07046236097812653, 0.0683191791176796, 0.06864676624536514, 0.069689080119133, 0.06816625595092773, 0.06998894363641739, 0.06854920089244843, 0.07021300494670868, 0.06821796298027039, 0.07329334318637848, 0.06797590851783752, 0.06657440960407257, 0.06550626456737518, 0.065251424908638, 0.06487008929252625, 0.064919114112854, 0.06463184207677841, 0.0643773004412651, 0.06448081135749817, 0.06438691914081573, 0.06425768882036209, 0.06429749727249146, 0.06412214040756226, 0.06427467614412308, 0.0641380101442337, 0.06398658454418182, 0.06386089324951172, 0.06377926468849182, 0.06367869675159454, 0.06363200396299362, 0.063592329621315, 0.06360819935798645, 0.06350410729646683, 0.06349469721317291, 0.0634889155626297, 0.06346047669649124, 0.06344237178564072, 0.0634254738688469, 0.06341239809989929, 0.06341119855642319, 0.06340394914150238, 0.06339070945978165, 0.06338469684123993, 0.06337814033031464, 0.06338264793157578, 0.0633864775300026, 0.06338381767272949, 0.06339064985513687, 0.06337980180978775, 0.06337901949882507, 0.06337986886501312, 0.06338042765855789, 0.0633837953209877, 0.06338117271661758, 0.0633746087551117, 0.06338104605674744, 0.06338183581829071, 0.06338084489107132, 0.06336456537246704, 0.06336655467748642, 0.06336803734302521, 0.06336666643619537, 0.06335712969303131, 0.06335917115211487, 0.06336459517478943, 0.06337045878171921, 0.06336981803178787, 0.06335987150669098, 0.0633581131696701], "val_cosine_proximity": [-0.22197051346302032, -0.3316170871257782, -0.37098458409309387, -0.3840752840042114, -0.3881126344203949, -0.3987308442592621, -0.41231635212898254, -0.40005549788475037, -0.41209572553634644, -0.41276225447654724, -0.4070979058742523, -0.41268011927604675, -0.41935744881629944, -0.4172513484954834, -0.4097009301185608, -0.42400696873664856, -0.4050025939941406, -0.4197070300579071, -0.41375720500946045, -0.4290864169597626, -0.38492485880851746, -0.42980971932411194, -0.44804099202156067, -0.46085822582244873, -0.4646223485469818, -0.4709889888763428, -0.4694214165210724, -0.4736182689666748, -0.4773104190826416, -0.47529610991477966, -0.47522658109664917, -0.47679319977760315, -0.47599297761917114, -0.47867709398269653, -0.4762665927410126, -0.4772697389125824, -0.47894060611724854, -0.4806014597415924, -0.4817281663417816, -0.48297449946403503, -0.4835861623287201, -0.4839925467967987, -0.483682781457901, -0.48486924171447754, -0.485060453414917, -0.48514068126678467, -0.4853731393814087, -0.48553863167762756, -0.48568403720855713, -0.485789030790329, -0.48580658435821533, -0.48585450649261475, -0.48596304655075073, -0.4860149323940277, -0.4860691726207733, -0.48607608675956726, -0.4860302805900574, -0.4860611855983734, -0.48602619767189026, -0.4861129820346832, -0.4861067831516266, -0.4860934913158417, -0.48610061407089233, -0.4860787093639374, -0.4860822260379791, -0.48611772060394287, -0.48605766892433167, -0.4860702455043793, -0.4860876500606537, -0.4862026870250702, -0.48619750142097473, -0.48618125915527344, -0.48620033264160156, -0.48627692461013794, -0.48627468943595886, -0.4862639605998993, -0.48624297976493835, -0.4862412214279175, -0.48629462718963623, -0.486297070980072], "val_mean_absolute_error": [0.225875586271286, 0.21481123566627502, 0.20703575015068054, 0.2037215381860733, 0.20581653714179993, 0.20554465055465698, 0.20315837860107422, 0.20551717281341553, 0.20262174308300018, 0.2048700749874115, 0.20417389273643494, 0.20350100100040436, 0.2003534734249115, 0.20093892514705658, 0.20298676192760468, 0.20044639706611633, 0.20245395600795746, 0.2016797661781311, 0.2040061205625534, 0.20150505006313324, 0.20942345261573792, 0.20033271610736847, 0.1977529525756836, 0.1961141973733902, 0.19572964310646057, 0.19500835239887238, 0.1951655000448227, 0.19459575414657593, 0.19413599371910095, 0.19439268112182617, 0.19435323774814606, 0.19405671954154968, 0.19413568079471588, 0.19386234879493713, 0.19415554404258728, 0.19404765963554382, 0.19382011890411377, 0.1936221718788147, 0.19349873065948486, 0.19333210587501526, 0.19326473772525787, 0.19322673976421356, 0.19327610731124878, 0.19310909509658813, 0.19308772683143616, 0.19308480620384216, 0.19305095076560974, 0.1930284947156906, 0.19300758838653564, 0.19299137592315674, 0.19298896193504333, 0.19298015534877777, 0.19296377897262573, 0.19295547902584076, 0.19294826686382294, 0.19295169413089752, 0.1929570734500885, 0.19295364618301392, 0.19296033680438995, 0.19294661283493042, 0.19294670224189758, 0.19294847548007965, 0.1929490715265274, 0.1929534673690796, 0.19295142590999603, 0.19294406473636627, 0.19295281171798706, 0.1929522454738617, 0.19295023381710052, 0.19293200969696045, 0.19293437898159027, 0.19293668866157532, 0.19293272495269775, 0.19292090833187103, 0.192921981215477, 0.19292618334293365, 0.19293266534805298, 0.19293212890625, 0.19292183220386505, 0.1929210126399994],