{"val_loss": [1.412774920463562, 1.0986120700836182, 0.8548600077629089, 0.7154484391212463, 0.6495791673660278, 0.6327152848243713, 0.6240000128746033, 0.6236459612846375, 0.6328058242797852, 0.6414573788642883, 0.6507985591888428, 0.6651716828346252, 0.6743654012680054, 0.6839583516120911, 0.7007206082344055, 0.7133390307426453, 0.7314855456352234, 0.7540860176086426, 0.7641931176185608, 0.7898461222648621, 0.8128807544708252, 0.8811225891113281, 0.858577311038971, 0.828398585319519, 0.8022879958152771, 0.7811858057975769, 0.762005627155304, 0.7433717250823975, 0.7274324893951416, 0.713494598865509, 0.6989291906356812, 0.6871312856674194, 0.6741701364517212, 0.6643818616867065, 0.6562838554382324, 0.6455188393592834, 0.6435925960540771, 0.642643928527832, 0.6413252353668213, 0.6400806903839111, 0.6388776898384094, 0.6379147171974182, 0.6368266940116882, 0.6359381079673767, 0.6347832679748535, 0.6336535811424255, 0.6335386037826538, 0.6334242224693298, 0.6333697438240051, 0.6333463788032532, 0.6332041025161743, 0.6331852078437805, 0.6332600712776184, 0.6333017349243164, 0.6333075761795044, 0.6333249807357788, 0.6333404183387756, 0.6332924365997314, 0.6332629323005676, 0.6332573890686035, 0.633197546005249, 0.6331567764282227, 0.6331667900085449, 0.6331616640090942, 0.6331282258033752, 0.6331297159194946, 0.6331316828727722, 0.6330912709236145, 0.6330517530441284, 0.6330643892288208, 0.633106529712677, 0.6330434083938599, 0.6330384612083435, 0.6330111026763916, 0.6330326795578003, 0.6330501437187195, 0.6330188512802124, 0.6330352425575256, 0.6330607533454895, 0.6330531239509583], "val_mean_squared_error": [0.369676411151886, 0.34703078866004944, 0.33730149269104004, 0.3351109027862549, 0.32976868748664856, 0.3319411873817444, 0.3296568989753723, 0.32593196630477905, 0.328359991312027, 0.329086571931839, 0.3294207453727722, 0.3309396505355835, 0.32953941822052, 0.328411340713501, 0.32966864109039307, 0.3302242159843445, 0.3320564925670624, 0.33680397272109985, 0.33218488097190857, 0.3370944857597351, 0.3395901620388031, 0.3587954342365265, 0.34817618131637573, 0.34109583497047424, 0.3373411297798157, 0.3362434506416321, 0.33593833446502686, 0.33441001176834106, 0.33418959379196167, 0.3344508409500122, 0.33326926827430725, 0.33330002427101135, 0.3316221535205841, 0.3318658471107483, 0.33249449729919434, 0.3305918574333191, 0.331343412399292, 0.33172497153282166, 0.3317135274410248, 0.331717848777771, 0.33173149824142456, 0.3318973779678345, 0.3319897949695587, 0.3321738541126251, 0.33216553926467896, 0.33214884996414185, 0.332465261220932, 0.33251723647117615, 0.3325831890106201, 0.33267441391944885, 0.3326590061187744, 0.3326936662197113, 0.33277878165245056, 0.33282992243766785, 0.33284634351730347, 0.3328750729560852, 0.33290359377861023, 0.3328731060028076, 0.3328583538532257, 0.33286720514297485, 0.33282607793807983, 0.33280113339424133, 0.3328219950199127, 0.33282843232154846, 0.33280906081199646, 0.33282169699668884, 0.33283379673957825, 0.332810640335083, 0.33278506994247437, 0.3328074514865875, 0.332853764295578, 0.33280834555625916, 0.3328123390674591, 0.33279693126678467, 0.33282771706581116, 0.3328527808189392, 0.33283504843711853, 0.3328604996204376, 0.3328920602798462, 0.33289581537246704], "val_cosine_proximity": [-0.21523672342300415, -0.3061314523220062, -0.34520408511161804, -0.3532203733921051, -0.3724950850009918, -0.36697712540626526, -0.376090407371521, -0.3873913288116455, -0.3818000853061676, -0.3809138536453247, -0.381674200296402, -0.37584227323532104, -0.37696442008018494, -0.38322338461875916, -0.379790723323822, -0.3776191771030426, -0.37124115228652954, -0.35653194785118103, -0.37004706263542175, -0.36142775416374207, -0.35664746165275574, -0.32015857100486755, -0.34049350023269653, -0.35809075832366943, -0.3672317862510681, -0.3699362277984619, -0.3727700114250183, -0.3742266893386841, -0.3759291470050812, -0.37700533866882324, -0.3781648278236389, -0.37753570079803467, -0.3818233013153076, -0.3821936845779419, -0.379576176404953, -0.3850213587284088, -0.38309651613235474, -0.38310325145721436, -0.38347846269607544, -0.38382065296173096, -0.38411617279052734, -0.38385578989982605, -0.3840739130973816, -0.3835762143135071, -0.3837701678276062, -0.38390231132507324, -0.38358569145202637, -0.38361114263534546, -0.38361603021621704, -0.3836037516593933, -0.3837420642375946, -0.3837626576423645, -0.3836923837661743, -0.38366425037384033, -0.38365638256073, -0.3836536705493927, -0.38366997241973877, -0.3837316930294037, -0.38376525044441223, -0.38379576802253723, -0.38386932015419006, -0.38390934467315674, -0.38390251994132996, -0.38390716910362244, -0.38393446803092957, -0.3839307129383087, -0.3839223086833954, -0.3839811086654663, -0.3840078115463257, -0.383989155292511, -0.3839179575443268, -0.383983314037323, -0.3839598596096039, -0.3839664161205292, -0.38394373655319214, -0.3839038014411926, -0.38392648100852966, -0.38390296697616577, -0.38385018706321716, -0.383848637342453], "val_mean_absolute_error": [0.42339348793029785, 0.41826462745666504, 0.41291344165802, 0.409387469291687, 0.4059162139892578, 0.40941062569618225, 0.40679997205734253, 0.404382586479187, 0.4034883975982666, 0.40626007318496704, 0.405497282743454, 0.41168567538261414, 0.41006365418434143, 0.4080968499183655, 0.41353103518486023, 0.41202834248542786, 0.4132612645626068, 0.4197945296764374, 0.4174889624118805, 0.4228377044200897, 0.42715176939964294, 0.4459422826766968, 0.43594610691070557, 0.42988044023513794, 0.4263274371623993, 0.42510101199150085, 0.42488181591033936, 0.4231451451778412, 0.4229913353919983, 0.4234239459037781, 0.42167913913726807, 0.4213472604751587, 0.419750452041626, 0.4201499819755554, 0.42018818855285645, 0.41868335008621216, 0.4195636510848999, 0.42019349336624146, 0.4203527867794037, 0.4204728305339813, 0.420663058757782, 0.420934796333313, 0.4211525619029999, 0.42141738533973694, 0.42142999172210693, 0.4213882386684418, 0.4217780828475952, 0.4219174087047577, 0.42206740379333496, 0.4222475290298462, 0.4222943186759949, 0.42239081859588623, 0.42252132296562195, 0.4226152002811432, 0.4226619303226471, 0.42272087931632996, 0.42277783155441284, 0.4227665960788727, 0.4227603077888489, 0.4227975606918335, 0.42277032136917114, 0.42275622487068176, 0.42278942465782166, 0.4228014647960663, 0.4227864444255829, 0.42279186844825745, 0.42280128598213196, 0.4227900803089142, 0.4227662682533264, 0.4227825999259949, 0.42284393310546875, 0.4228024184703827, 0.42279675602912903, 0.4227791130542755, 0.42281121015548706, 0.42283302545547485, 0.42281967401504517, 0.4228455424308777, 0.42287230491638184, 0.42287230491638184],