{"val_loss": [1.829775094985962, 0.9945567846298218, 0.7885586619377136, 0.7354071736335754, 0.7099729180335999, 0.699262261390686, 0.6864355802536011, 0.680117666721344, 0.6462891101837158, 0.6482422351837158, 0.6304351687431335, 0.6236138343811035, 0.6141116619110107, 0.6009137034416199, 0.5903521776199341, 0.5810437798500061, 0.5731906294822693, 0.5749570727348328, 0.5615330338478088, 0.5491981506347656, 0.8101086616516113, 0.6022215485572815, 0.36509937047958374, 0.22170843183994293, 0.17398107051849365, 0.1506219208240509, 0.13760656118392944, 0.13221704959869385, 0.1303376406431198, 0.13029779493808746, 0.12977001070976257, 0.1279628872871399, 0.13181628286838531, 0.12462051212787628, 0.1254085898399353, 0.1562787890434265, 0.13726487755775452, 0.11404626071453094, 0.09559716284275055, 0.08220702409744263, 0.07352261245250702, 0.06818212568759918, 0.06475728005170822, 0.06252589076757431, 0.061140988022089005, 0.06320202350616455, 0.061899662017822266, 0.06000219285488129, 0.05827784538269043, 0.056886762380599976, 0.05644375830888748, 0.05624673515558243, 0.05607084184885025, 0.05590325966477394, 0.05575208365917206, 0.05560433119535446, 0.05546309053897858, 0.05533115565776825, 0.05519488826394081, 0.05507320910692215, 0.05495183914899826, 0.054834701120853424, 0.05472744256258011, 0.0546245239675045, 0.054525814950466156, 0.05443606898188591, 0.05434030294418335, 0.05424430966377258, 0.054167021065950394, 0.05408427119255066, 0.05400107055902481, 0.05392415076494217, 0.0538548119366169, 0.05378424748778343, 0.05372309684753418, 0.05366314575076103, 0.05360735207796097, 0.0535455159842968, 0.053482912480831146, 0.05342923849821091], "val_mean_squared_error": [0.07561492919921875, 0.058811597526073456, 0.057817116379737854, 0.05354398861527443, 0.04910249263048172, 0.05226635932922363, 0.051276348531246185, 0.05101350322365761, 0.04893004894256592, 0.04993327707052231, 0.04773162305355072, 0.0470055490732193, 0.04753110930323601, 0.049926165491342545, 0.04739339277148247, 0.047475434839725494, 0.045694101601839066, 0.047556497156620026, 0.0463099479675293, 0.04646245017647743, 0.05129462108016014, 0.042023368179798126, 0.03889313340187073, 0.036460570991039276, 0.03605857118964195, 0.0364418663084507, 0.03669322654604912, 0.03659076616168022, 0.03666423633694649, 0.03701070323586464, 0.037190116941928864, 0.03713760897517204, 0.038238275796175, 0.03722269460558891, 0.037255123257637024, 0.038945142179727554, 0.03721510246396065, 0.03623979911208153, 0.03582543507218361, 0.035511765629053116, 0.03539935499429703, 0.03536934033036232, 0.035438165068626404, 0.035519249737262726, 0.03557037189602852, 0.035643309354782104, 0.03564641997218132, 0.03564351052045822, 0.0356389619410038, 0.03563939779996872, 0.035640258342027664, 0.03564070537686348, 0.035641998052597046, 0.035641804337501526, 0.035643916577100754, 0.035644639283418655, 0.03564568608999252, 0.03564640134572983, 0.03564528748393059, 0.035646092146635056, 0.03564620390534401, 0.03564591333270073, 0.035647086799144745, 0.035648271441459656, 0.035649023950099945, 0.035650838166475296, 0.03565104305744171, 0.0356498621404171, 0.035652175545692444, 0.035652801394462585, 0.03565240278840065, 0.035652343183755875, 0.03565423563122749, 0.035654447972774506, 0.035655584186315536, 0.0356571227312088, 0.03565949946641922, 0.03565993905067444, 0.035659655928611755, 0.035660434514284134], "val_cosine_proximity": [-0.08951599150896072, -0.10256867110729218, -0.11190256476402283, -0.10502887517213821, -0.12230759859085083, -0.11415641754865646, -0.13229340314865112, -0.09466131031513214, -0.13305243849754333, -0.12727367877960205, -0.1417311728000641, -0.11589370667934418, -0.14777640998363495, -0.13834697008132935, -0.11783242970705032, -0.09528899937868118, -0.132766455411911, -0.13782745599746704, -0.1252511441707611, -0.14110271632671356, -0.12589983642101288, -0.14362183213233948, -0.14360637962818146, -0.16329681873321533, -0.1781221628189087, -0.19074378907680511, -0.1908269077539444, -0.19404202699661255, -0.19758906960487366, -0.19335411489009857, -0.19494561851024628, -0.19699253141880035, -0.19399109482765198, -0.19148463010787964, -0.2021390199661255, -0.1879493147134781, -0.19958870112895966, -0.2023543417453766, -0.20069743692874908, -0.20271579921245575, -0.20389121770858765, -0.2056494951248169, -0.2069300264120102, -0.2074938714504242, -0.20860151946544647, -0.20824356377124786, -0.20836301147937775, -0.20843960344791412, -0.20868244767189026, -0.20872493088245392, -0.2087949812412262, -0.20880234241485596, -0.20878246426582336, -0.20880316197872162, -0.2087484747171402, -0.20873862504959106, -0.20874227583408356, -0.20872177183628082, -0.20876941084861755, -0.2087668925523758, -0.20878997445106506, -0.20882576704025269, -0.20880889892578125, -0.208787739276886, -0.2087741494178772, -0.20875275135040283, -0.20877240598201752, -0.2088257074356079, -0.20878316462039948, -0.20878392457962036, -0.208804652094841, -0.20882952213287354, -0.2088070660829544, -0.20883148908615112, -0.20881244540214539, -0.2087835669517517, -0.20875662565231323, -0.20878241956233978, -0.2088242918252945, -0.20883022248744965], "val_mean_absolute_error": [0.21758869290351868, 0.19218024611473083, 0.18981750309467316, 0.18254293501377106, 0.1753324270248413, 0.1805747002363205, 0.179357647895813, 0.1785757839679718, 0.17497608065605164, 0.17639148235321045, 0.17269428074359894, 0.17098857462406158, 0.17280781269073486, 0.17685891687870026, 0.17207801342010498, 0.17225004732608795, 0.16839399933815002, 0.17243768274784088, 0.1702626794576645, 0.17025765776634216, 0.17924365401268005, 0.16141252219676971, 0.15517248213291168, 0.14985023438930511, 0.1489211916923523, 0.14978094398975372, 0.15058636665344238, 0.1500825732946396, 0.1503913551568985, 0.15117624402046204, 0.15164728462696075, 0.15135450661182404, 0.15404284000396729, 0.151310533285141, 0.15193985402584076, 0.15549208223819733, 0.1517501026391983, 0.14959612488746643, 0.14859919250011444, 0.14783702790737152, 0.14755350351333618, 0.14745207130908966, 0.1476164013147354, 0.1478007286787033, 0.14792375266551971, 0.14805811643600464, 0.14806513488292694, 0.14806504547595978, 0.14805781841278076, 0.14805547893047333, 0.14805914461612701, 0.14806044101715088, 0.148063063621521, 0.14806213974952698, 0.14806650578975677, 0.14806833863258362, 0.14807085692882538, 0.1480722427368164, 0.14806976914405823, 0.1480713039636612, 0.1480707973241806, 0.1480705887079239, 0.1480734646320343, 0.14807599782943726, 0.14807718992233276, 0.14808151125907898, 0.14808262884616852, 0.14807920157909393, 0.14808447659015656, 0.148085817694664, 0.14808447659015656, 0.14808404445648193, 0.1480884552001953, 0.14808927476406097, 0.14809153974056244, 0.14809507131576538, 0.14810052514076233, 0.14810118079185486, 0.14810019731521606, 0.14810146391391754],