{"val_loss": [1.811769962310791, 0.9428521394729614, 0.7603837251663208, 0.7051435708999634, 0.6831344962120056, 0.6616846323013306, 0.6599161028862, 0.6498093605041504, 0.6376967430114746, 0.634648859500885, 0.6238678097724915, 0.617493748664856, 0.6059597730636597, 0.5942650437355042, 0.5837239027023315, 0.5727160573005676, 0.5727700591087341, 0.5542920231819153, 0.5521392226219177, 0.5488247871398926, 0.8029515743255615, 0.6097301840782166, 0.38290685415267944, 0.23580528795719147, 0.17770124971866608, 0.15319480001926422, 0.13565348088741302, 0.13038420677185059, 0.1283499002456665, 0.12634776532649994, 0.12586861848831177, 0.12490833550691605, 0.12463775277137756, 0.1257675141096115, 0.124021016061306, 0.15201885998249054, 0.13442406058311462, 0.11276384443044662, 0.0953654795885086, 0.08259718120098114, 0.07427006959915161, 0.06870615482330322, 0.06509217619895935, 0.06307277083396912, 0.061615750193595886, 0.06322348862886429, 0.06195944547653198, 0.060167089104652405, 0.058593831956386566, 0.057294100522994995, 0.056919049471616745, 0.05673745274543762, 0.056569889187812805, 0.05640886723995209, 0.05625707656145096, 0.05611561983823776, 0.055983252823352814, 0.0558626726269722, 0.05573926120996475, 0.055619340389966965, 0.05551282316446304, 0.05540786311030388, 0.05530844256281853, 0.05521291866898537, 0.05512147769331932, 0.05503587797284126, 0.054956018924713135, 0.054876379668712616, 0.05480556935071945, 0.05473463237285614, 0.05466524511575699, 0.05459761619567871, 0.05453956127166748, 0.05448167026042938, 0.05442435294389725, 0.05436941608786583, 0.05431090295314789, 0.05426302179694176, 0.05421247333288193, 0.054168373346328735], "val_mean_squared_error": [0.07985726743936539, 0.055481575429439545, 0.05692708119750023, 0.054576996713876724, 0.05338055640459061, 0.04915189743041992, 0.04852445423603058, 0.04779943451285362, 0.05050364509224892, 0.051066771149635315, 0.04859604313969612, 0.0484088696539402, 0.05075277015566826, 0.04825255274772644, 0.049890533089637756, 0.04814374819397926, 0.047361526638269424, 0.046933364123106, 0.04758472368121147, 0.047375597059726715, 0.05412306636571884, 0.045452017337083817, 0.04094887152314186, 0.038270168006420135, 0.03758109733462334, 0.03791879490017891, 0.037702061235904694, 0.0379471480846405, 0.03795730695128441, 0.037922490388154984, 0.038154587149620056, 0.038245707750320435, 0.03822522237896919, 0.03843900188803673, 0.03864067420363426, 0.0401759147644043, 0.038418352603912354, 0.03737770766019821, 0.0369625948369503, 0.03673933818936348, 0.036763519048690796, 0.036841534078121185, 0.03689299523830414, 0.03704286739230156, 0.03711578994989395, 0.03713757172226906, 0.037134647369384766, 0.037129953503608704, 0.03713734447956085, 0.037140119820833206, 0.03715232014656067, 0.03715388849377632, 0.03715440258383751, 0.03715381771326065, 0.037153374403715134, 0.03715422749519348, 0.03715511038899422, 0.03715800121426582, 0.037158165127038956, 0.03715785965323448, 0.037160154432058334, 0.03716161474585533, 0.03716260939836502, 0.037163764238357544, 0.03716515004634857, 0.03716665878891945, 0.03716868907213211, 0.03717022016644478, 0.03717246651649475, 0.037173978984355927, 0.03717507794499397, 0.03717590123414993, 0.03717862442135811, 0.03718055412173271, 0.037181928753852844, 0.03718293085694313, 0.037182558327913284, 0.03718443959951401, 0.037185102701187134, 0.037186555564403534], "val_cosine_proximity": [-0.0834401547908783, -0.12263696640729904, -0.1252204179763794, -0.1293201893568039, -0.13465529680252075, -0.13136765360832214, -0.1376817375421524, -0.12866251170635223, -0.13803531229496002, -0.1468951255083084, -0.14909212291240692, -0.1355443149805069, -0.1323029100894928, -0.15368343889713287, -0.13505065441131592, -0.13501496613025665, -0.15569734573364258, -0.15517114102840424, -0.14628809690475464, -0.12871727347373962, -0.11347127705812454, -0.15703359246253967, -0.1560753881931305, -0.16197776794433594, -0.17694921791553497, -0.19094015657901764, -0.1988152712583542, -0.203648179769516, -0.20449413359165192, -0.2045559138059616, -0.20724289119243622, -0.20584632456302643, -0.20358288288116455, -0.20538204908370972, -0.2034262865781784, -0.194804385304451, -0.20747417211532593, -0.21069101989269257, -0.20922020077705383, -0.2095414400100708, -0.2083428055047989, -0.20887885987758636, -0.21003001928329468, -0.20933347940444946, -0.21147610247135162, -0.21203018724918365, -0.21234233677387238, -0.21254737675189972, -0.21246105432510376, -0.21222500503063202, -0.2121172398328781, -0.21211719512939453, -0.21213392913341522, -0.2121511846780777, -0.21217380464076996, -0.21217098832130432, -0.21215637028217316, -0.21210597455501556, -0.21210363507270813, -0.21212166547775269, -0.2120872437953949, -0.2120867222547531, -0.21207748353481293, -0.21207863092422485, -0.21205882728099823, -0.21205152571201324, -0.2120138704776764, -0.2119988650083542, -0.21195270121097565, -0.21192891895771027, -0.2119218409061432, -0.21191665530204773, -0.21186895668506622, -0.2118404507637024, -0.21182671189308167, -0.21180491149425507, -0.21185603737831116, -0.21181829273700714, -0.21182268857955933, -0.21179650723934174], "val_mean_absolute_error": [0.22464624047279358, 0.18617282807826996, 0.18922275304794312, 0.18488310277462006, 0.182917982339859, 0.1760556846857071, 0.17471151053905487, 0.17294731736183167, 0.1776387244462967, 0.17887462675571442, 0.17496512830257416, 0.17471127212047577, 0.17850060760974884, 0.17414262890815735, 0.17712634801864624, 0.17386232316493988, 0.17250454425811768, 0.1714424192905426, 0.17302361130714417, 0.17252561450004578, 0.18429674208164215, 0.1687140315771103, 0.15967243909835815, 0.1540520042181015, 0.1524043083190918, 0.1533961147069931, 0.15282276272773743, 0.15344233810901642, 0.15340404212474823, 0.15337646007537842, 0.15384484827518463, 0.15405789017677307, 0.1540893018245697, 0.1542515754699707, 0.15502920746803284, 0.15829448401927948, 0.15451668202877045, 0.152208611369133, 0.15124230086803436, 0.15071989595890045, 0.15080490708351135, 0.15100745856761932, 0.1511000245809555, 0.15141785144805908, 0.15162333846092224, 0.15165340900421143, 0.1516473889350891, 0.15163742005825043, 0.15165410935878754, 0.15165749192237854, 0.15168601274490356, 0.1516897976398468, 0.15169104933738708, 0.15168973803520203, 0.1516888290643692, 0.1516905426979065, 0.15169282257556915, 0.1516989767551422, 0.15169945359230042, 0.15169894695281982, 0.15170419216156006, 0.1517076939344406, 0.1517098993062973, 0.15171249210834503, 0.15171577036380768, 0.1517193615436554, 0.1517239511013031, 0.15172749757766724, 0.15173253417015076, 0.15173596143722534, 0.1517384648323059, 0.1517404019832611, 0.15174666047096252, 0.15175098180770874, 0.15175415575504303, 0.15175683796405792, 0.1517564356327057, 0.15176059305667877, 0.1517619788646698, 0.1517648547887802],