{"val_loss": [1.4839293956756592, 0.7881367802619934, 0.49824607372283936, 0.4364992678165436, 0.41240403056144714, 0.396591454744339, 0.3878931701183319, 0.3886451721191406, 0.38652390241622925, 0.38289469480514526, 0.39195895195007324, 0.39009496569633484, 0.400378942489624, 0.39602988958358765, 0.40194448828697205, 0.4086202383041382, 0.39998504519462585, 0.4109936058521271, 0.41137266159057617, 0.41815581917762756, 0.4219418466091156, 0.5296860933303833, 0.4691971242427826, 0.3937603533267975, 0.327336847782135, 0.2734459340572357, 0.23219913244247437, 0.2024044692516327, 0.1800052523612976, 0.16583691537380219, 0.1554403007030487, 0.14951038360595703, 0.14401663839817047, 0.1413441002368927, 0.13836757838726044, 0.1374904215335846, 0.14487946033477783, 0.14141389727592468, 0.1360207051038742, 0.13159748911857605, 0.12738509476184845, 0.12375631183385849, 0.12036952376365662, 0.11751867085695267, 0.11498930305242538, 0.11290798336267471, 0.1121271401643753, 0.11176063120365143, 0.11142613738775253, 0.11108718812465668, 0.1107950210571289, 0.11064028739929199, 0.11056303977966309, 0.11050490289926529, 0.11048099398612976, 0.11044296622276306, 0.11041654646396637, 0.11038172245025635, 0.11035099625587463, 0.11030416190624237, 0.1102822870016098, 0.11025303602218628, 0.110221728682518, 0.11019156128168106, 0.1101376861333847, 0.11010994017124176, 0.11010270565748215, 0.11008679866790771, 0.1100650280714035, 0.11003374308347702, 0.11000101268291473, 0.1099805235862732, 0.10993935912847519, 0.10992486774921417, 0.10989687591791153, 0.10988176614046097, 0.10985587537288666, 0.10983631759881973, 0.10980748385190964, 0.10977968573570251], "val_mean_squared_error": [0.10279922187328339, 0.08513035625219345, 0.08048275858163834, 0.08530885726213455, 0.08375260978937149, 0.07961321622133255, 0.07655658572912216, 0.07901880145072937, 0.07785744220018387, 0.07573752105236053, 0.07860568165779114, 0.07626478374004364, 0.08092270791530609, 0.0777960792183876, 0.07916262745857239, 0.08104009926319122, 0.0765804871916771, 0.07876431196928024, 0.07680889964103699, 0.07897084951400757, 0.07829256355762482, 0.08649172633886337, 0.07706248760223389, 0.07359357923269272, 0.07204362750053406, 0.07082796841859818, 0.07047435641288757, 0.0703309029340744, 0.0696408599615097, 0.06937820464372635, 0.06909331679344177, 0.06921759992837906, 0.06867175549268723, 0.06852162629365921, 0.06842191517353058, 0.0683462992310524, 0.06899893283843994, 0.06860280781984329, 0.06817177683115005, 0.06808692216873169, 0.06790996342897415, 0.06787151843309402, 0.06776610016822815, 0.06769759207963943, 0.06767549365758896, 0.06774385273456573, 0.06771817803382874, 0.06770586967468262, 0.06769094616174698, 0.06767319142818451, 0.06767236441373825, 0.06765107065439224, 0.0676310658454895, 0.06761683523654938, 0.06762063503265381, 0.06761302798986435, 0.06761464476585388, 0.06761164218187332, 0.06761042028665543, 0.06759881228208542, 0.06760365515947342, 0.06760255992412567, 0.06760063767433167, 0.06760141998529434, 0.06758682429790497, 0.06758694350719452, 0.06759822368621826, 0.06760719418525696, 0.06761293113231659, 0.06761211156845093, 0.06760971993207932, 0.06761229038238525, 0.06760291010141373, 0.06760822236537933, 0.06760909408330917, 0.06761802732944489, 0.06761975586414337, 0.06762538850307465, 0.06762433797121048, 0.0676233097910881], "val_cosine_proximity": [-0.25196945667266846, -0.3561723232269287, -0.3842436969280243, -0.3849461078643799, -0.3953148126602173, -0.4109974801540375, -0.4259422719478607, -0.4068218171596527, -0.41407132148742676, -0.41860881447792053, -0.4160824120044708, -0.4109032452106476, -0.39573612809181213, -0.4134281575679779, -0.4010048806667328, -0.40378180146217346, -0.41676175594329834, -0.40971383452415466, -0.4222865700721741, -0.4236680269241333, -0.42477652430534363, -0.37735235691070557, -0.4244742691516876, -0.4481460452079773, -0.4592880308628082, -0.4659292697906494, -0.4680003225803375, -0.47052696347236633, -0.4768475294113159, -0.4795471131801605, -0.48164132237434387, -0.4821966588497162, -0.48754310607910156, -0.4883943796157837, -0.4908817410469055, -0.4918297529220581, -0.48518049716949463, -0.4894421398639679, -0.49386751651763916, -0.49462753534317017, -0.49617239832878113, -0.4965721070766449, -0.49732354283332825, -0.49760758876800537, -0.4975084662437439, -0.4968366324901581, -0.49676117300987244, -0.49683448672294617, -0.4969296157360077, -0.4970860183238983, -0.4970984160900116, -0.49722975492477417, -0.49736830592155457, -0.4974900782108307, -0.49746742844581604, -0.4974789321422577, -0.497469037771225, -0.49749210476875305, -0.49749237298965454, -0.4975476861000061, -0.4975360631942749, -0.49752333760261536, -0.49752265214920044, -0.4975418150424957, -0.49764370918273926, -0.4976435899734497, -0.4975471794605255, -0.4975106418132782, -0.4974988102912903, -0.49751558899879456, -0.4975305199623108, -0.4974808990955353, -0.49752670526504517, -0.4974355697631836, -0.4974416494369507, -0.49740004539489746, -0.49740126729011536, -0.49737411737442017, -0.4973677694797516, -0.4973624348640442], "val_mean_absolute_error": [0.24655449390411377, 0.22479157149791718, 0.21735423803329468, 0.22549089789390564, 0.22335632145404816, 0.21832998096942902, 0.21367181837558746, 0.21719610691070557, 0.21479196846485138, 0.2123747318983078, 0.2149752825498581, 0.2128230631351471, 0.21936947107315063, 0.21530191600322723, 0.21574543416500092, 0.2204403281211853, 0.21319679915905, 0.21648284792900085, 0.213733971118927, 0.21621879935264587, 0.21645516157150269, 0.22887183725833893, 0.21448832750320435, 0.20905384421348572, 0.20627953112125397, 0.2043715864419937, 0.20361171662807465, 0.20318427681922913, 0.2019903063774109, 0.20163054764270782, 0.20122554898262024, 0.20154713094234467, 0.20052173733711243, 0.20054280757904053, 0.20029696822166443, 0.20014400780200958, 0.2011757791042328, 0.20052972435951233, 0.19984988868236542, 0.1997378170490265, 0.19945712387561798, 0.19941847026348114, 0.19926704466342926, 0.1991513967514038, 0.19912752509117126, 0.199233278632164, 0.19921410083770752, 0.19919918477535248, 0.1991816759109497, 0.19915540516376495, 0.1991521120071411, 0.1991259902715683, 0.19910213351249695, 0.19908271729946136, 0.19908630847930908, 0.19908170402050018, 0.1990840882062912, 0.1990804821252823, 0.19907985627651215, 0.19906622171401978, 0.1990709751844406, 0.19907119870185852, 0.19907040894031525, 0.19906949996948242, 0.19905047118663788, 0.1990502029657364, 0.1990649551153183, 0.19907332956790924, 0.19907963275909424, 0.19907793402671814, 0.1990741342306137, 0.19908004999160767, 0.1990693062543869, 0.19907870888710022, 0.1990792155265808, 0.19909006357192993, 0.1990906149148941, 0.19909751415252686, 0.1990974098443985, 0.1990984082221985],