{"val_loss": [1.0932658910751343, 0.7484648823738098, 0.5000203251838684, 0.3782395124435425, 0.3389098644256592, 0.3374336063861847, 0.3394547700881958, 0.33992478251457214, 0.3441965878009796, 0.3527381122112274, 0.3617309331893921, 0.3693397045135498, 0.37864965200424194, 0.3925931751728058, 0.4016570448875427, 0.4170688986778259, 0.42847713828086853, 0.4414127767086029, 0.4552317261695862, 0.46801215410232544, 0.4809883236885071, 0.4946151077747345, 0.5060690641403198, 0.5224875807762146, 0.5360360145568848, 0.5472767353057861, 0.5591738820075989, 0.5754411816596985, 0.5878751277923584, 0.6009637117385864, 0.6133955717086792, 0.6245893239974976, 0.6356284022331238, 0.6458954215049744, 0.652211606502533, 0.6659514307975769, 0.6752154231071472, 0.6856082677841187, 0.6962344646453857, 0.7060364484786987, 0.7052038311958313, 0.7177498936653137, 0.7244696617126465, 0.7306376695632935, 0.7395472526550293, 0.7428981065750122, 0.7479055523872375, 0.7508580684661865, 0.7684541344642639, 0.768717348575592, 0.7684460282325745, 0.7729409337043762, 0.7795808911323547, 0.7862715721130371, 0.7949533462524414, 0.7971652150154114, 0.8031469583511353, 0.8058496117591858, 0.8125186562538147, 0.8173717856407166, 0.8223854303359985, 0.8211285471916199, 0.8221695423126221, 0.8317467570304871, 0.8361023664474487, 0.8361386656761169, 0.8368210196495056, 0.8475501537322998, 0.855423092842102, 0.8678331971168518, 0.8596017956733704, 0.8629963397979736, 0.8595202565193176, 0.8611446022987366, 0.8641858100891113, 0.8704863786697388, 0.8788312077522278, 0.8818537592887878, 0.8900266289710999, 0.8874019384384155], "val_mean_squared_error": [0.08698537945747375, 0.07594616711139679, 0.07379694283008575, 0.07497750222682953, 0.07386920601129532, 0.07337083667516708, 0.07233767211437225, 0.07206035405397415, 0.07187017053365707, 0.07219580560922623, 0.07335352897644043, 0.07340870797634125, 0.07319266349077225, 0.07458045333623886, 0.07479174435138702, 0.07627745717763901, 0.07617489993572235, 0.07626253366470337, 0.07772868126630783, 0.07830901443958282, 0.07854560762643814, 0.07984630763530731, 0.0798446536064148, 0.08188493549823761, 0.08370231837034225, 0.08485656976699829, 0.08636566251516342, 0.08974672108888626, 0.09161420911550522, 0.09439975768327713, 0.09735932946205139, 0.10215899348258972, 0.10443098098039627, 0.10644646733999252, 0.10657814145088196, 0.11109507828950882, 0.1130961999297142, 0.1167299821972847, 0.1205243319272995, 0.12390753626823425, 0.12047311663627625, 0.12503939867019653, 0.1282544881105423, 0.12988635897636414, 0.1329980492591858, 0.13374285399913788, 0.1321769654750824, 0.13299280405044556, 0.1436663120985031, 0.14146572351455688, 0.13870735466480255, 0.14064602553844452, 0.1426853984594345, 0.14576183259487152, 0.1477692425251007, 0.1499086618423462, 0.15123729407787323, 0.15387843549251556, 0.1551188975572586, 0.15526150166988373, 0.15625368058681488, 0.15542562305927277, 0.1543448567390442, 0.15777572989463806, 0.15947595238685608, 0.15951403975486755, 0.15863247215747833, 0.16441816091537476, 0.1680097132921219, 0.1786295473575592, 0.17103637754917145, 0.16985586285591125, 0.16554613411426544, 0.16596633195877075, 0.16673952341079712, 0.16829881072044373, 0.17411431670188904, 0.17528440058231354, 0.18151848018169403, 0.17747870087623596], "val_cosine_proximity": [-0.22926975786685944, -0.3125845789909363, -0.34162795543670654, -0.33221039175987244, -0.3541352152824402, -0.3500574827194214, -0.3608815670013428, -0.3652959167957306, -0.36468636989593506, -0.35756516456604004, -0.3432822823524475, -0.3395165503025055, -0.34791165590286255, -0.32188254594802856, -0.32441216707229614, -0.30353283882141113, -0.3037080466747284, -0.30813390016555786, -0.29387715458869934, -0.2958122789859772, -0.302572637796402, -0.2987538278102875, -0.3052440285682678, -0.2919629216194153, -0.28216612339019775, -0.28453242778778076, -0.2956629693508148, -0.26781126856803894, -0.273176372051239, -0.26957371830940247, -0.2671842873096466, -0.27692005038261414, -0.26366209983825684, -0.25347527861595154, -0.2681131064891815, -0.25029584765434265, -0.24453096091747284, -0.22583886981010437, -0.22494682669639587, -0.23244614899158478, -0.23896187543869019, -0.22347809374332428, -0.22229501605033875, -0.2347007393836975, -0.2292545735836029, -0.2325616329908371, -0.21966688334941864, -0.22405794262886047, -0.20813685655593872, -0.2140522599220276, -0.2303442358970642, -0.22869384288787842, -0.21652522683143616, -0.21407780051231384, -0.2092341184616089, -0.22236472368240356, -0.21667076647281647, -0.22355610132217407, -0.20804542303085327, -0.19498394429683685, -0.19085940718650818, -0.21012108027935028, -0.2238694727420807, -0.19800928235054016, -0.21319425106048584, -0.21793216466903687, -0.22721299529075623, -0.2018115371465683, -0.19640174508094788, -0.19300487637519836, -0.2073918581008911, -0.19702468812465668, -0.2101559042930603, -0.21312879025936127, -0.19990146160125732, -0.19925327599048615, -0.1893177479505539, -0.1754329353570938, -0.1787242442369461, -0.19281470775604248], "val_mean_absolute_error": [0.22470609843730927, 0.20970739424228668, 0.20601658523082733, 0.2072327584028244, 0.20599208772182465, 0.20559264719486237, 0.2051098495721817, 0.204648956656456, 0.2047496736049652, 0.20555879175662994, 0.20679351687431335, 0.20780238509178162, 0.20689649879932404, 0.20935648679733276, 0.20951421558856964, 0.21233177185058594, 0.21182619035243988, 0.2125851809978485, 0.2152135968208313, 0.21579450368881226, 0.21678291261196136, 0.21875721216201782, 0.21927133202552795, 0.22228595614433289, 0.22477655112743378, 0.22669130563735962, 0.22918099164962769, 0.23349930346012115, 0.23666267096996307, 0.23994185030460358, 0.24401694536209106, 0.2506290376186371, 0.2536211907863617, 0.25631505250930786, 0.2564695477485657, 0.2622872591018677, 0.2646218240261078, 0.2690024673938751, 0.27331140637397766, 0.2771378755569458, 0.273732990026474, 0.27824410796165466, 0.281880259513855, 0.2842506468296051, 0.28757205605506897, 0.2882479131221771, 0.28637105226516724, 0.28791072964668274, 0.29850706458091736, 0.2971426844596863, 0.29451343417167664, 0.29708102345466614, 0.2987097501754761, 0.30139437317848206, 0.30305129289627075, 0.3058997392654419, 0.30685120820999146, 0.30996668338775635, 0.3110465109348297, 0.31141066551208496, 0.3120845556259155, 0.3119192123413086, 0.3104122579097748, 0.3132261037826538, 0.3153212368488312, 0.31583741307258606, 0.31491729617118835, 0.32035937905311584, 0.3242143988609314, 0.3339637815952301, 0.3273087441921234, 0.3262990117073059, 0.32212692499160767, 0.32288631796836853, 0.32274869084358215, 0.3249627649784088, 0.3302043676376343, 0.3313990831375122, 0.3377305269241333, 0.33425238728523254],