{"val_loss": [3.8325483798980713, 3.628197193145752, 3.27953839302063, 3.147672653198242, 3.3634772300720215, 3.595269203186035, 3.88474178314209, 4.099550724029541, 4.221523761749268, 4.348674297332764, 4.543461322784424, 4.715648651123047, 4.77414608001709, 4.954152584075928, 5.062591075897217, 5.050893783569336, 5.263487815856934, 5.343310832977295, 5.449398994445801, 5.454641342163086, 5.6062235832214355, 5.982562065124512, 5.684958457946777, 5.461426734924316, 5.2626776695251465, 5.095302104949951, 4.932976722717285, 4.794649600982666, 4.643477439880371, 4.518954753875732, 4.417469024658203, 4.323731899261475, 4.20680570602417, 4.130570411682129, 4.0483784675598145, 3.9755446910858154, 3.9569101333618164, 3.944077730178833, 3.9303295612335205, 3.920851230621338, 3.9161791801452637, 3.9060285091400146, 3.8959169387817383, 3.8849616050720215, 3.873269557952881, 3.8625218868255615, 3.8598997592926025, 3.8605122566223145, 3.861370086669922, 3.862049102783203, 3.86242938041687, 3.8627030849456787, 3.8633103370666504, 3.86427640914917, 3.864677906036377, 3.8650598526000977, 3.8657636642456055, 3.8661751747131348, 3.865987777709961, 3.8659400939941406, 3.866392135620117, 3.866549491882324, 3.8669097423553467, 3.8670198917388916, 3.867196798324585, 3.8667967319488525, 3.867075204849243, 3.8668487071990967, 3.8664934635162354, 3.866445541381836, 3.8661766052246094, 3.8660454750061035, 3.866173267364502, 3.8664767742156982, 3.8661715984344482, 3.866065502166748, 3.8662109375, 3.8660569190979004, 3.866021156311035, 3.8655858039855957], "val_mean_squared_error": [1.3840491771697998, 1.3520410060882568, 1.2290594577789307, 1.1455587148666382, 1.211630940437317, 1.2319903373718262, 1.2978506088256836, 1.3260512351989746, 1.3148733377456665, 1.3184260129928589, 1.3731439113616943, 1.4111477136611938, 1.3573546409606934, 1.428930640220642, 1.4820255041122437, 1.4003268480300903, 1.5300123691558838, 1.5468933582305908, 1.5921217203140259, 1.5576980113983154, 1.692562222480774, 1.8013734817504883, 1.5887451171875, 1.526151418685913, 1.490663766860962, 1.4769186973571777, 1.4600979089736938, 1.458506464958191, 1.4357213973999023, 1.431817650794983, 1.4421722888946533, 1.452526569366455, 1.4325655698776245, 1.444504737854004, 1.44304621219635, 1.4444416761398315, 1.451588749885559, 1.4502578973770142, 1.4469389915466309, 1.447232723236084, 1.4523621797561646, 1.4518896341323853, 1.4513806104660034, 1.4499635696411133, 1.447823166847229, 1.4465935230255127, 1.448083519935608, 1.4501150846481323, 1.4519964456558228, 1.4536396265029907, 1.4549626111984253, 1.455660343170166, 1.4564177989959717, 1.457491397857666, 1.4579925537109375, 1.4584704637527466, 1.4592655897140503, 1.4597692489624023, 1.4596792459487915, 1.459721326828003, 1.4602714776992798, 1.460520625114441, 1.4609770774841309, 1.4611760377883911, 1.4614508152008057, 1.4611506462097168, 1.461522102355957, 1.4613896608352661, 1.4611291885375977, 1.4611728191375732, 1.4610000848770142, 1.460961103439331, 1.4611802101135254, 1.4615797996520996, 1.4613733291625977, 1.4613583087921143, 1.4615974426269531, 1.4615349769592285, 1.4615930318832397, 1.4612520933151245], "val_cosine_proximity": [-0.4011550843715668, -0.49618205428123474, -0.5121701955795288, -0.5285432934761047, -0.5105206370353699, -0.4895714521408081, -0.4742867350578308, -0.46490249037742615, -0.4725986123085022, -0.4572230577468872, -0.45118728280067444, -0.44717779755592346, -0.4444901943206787, -0.426954448223114, -0.43060171604156494, -0.42374366521835327, -0.42415085434913635, -0.42469674348831177, -0.4097449481487274, -0.4092383086681366, -0.399209201335907, -0.3722963035106659, -0.40802520513534546, -0.4227050840854645, -0.4314730763435364, -0.43575626611709595, -0.43570977449417114, -0.4351964592933655, -0.43692779541015625, -0.44244280457496643, -0.4357050359249115, -0.43928325176239014, -0.4396215081214905, -0.4392000436782837, -0.44056493043899536, -0.44101619720458984, -0.4394620954990387, -0.4393013119697571, -0.439563512802124, -0.4391311705112457, -0.43942639231681824, -0.43962693214416504, -0.4405895471572876, -0.440581738948822, -0.44083863496780396, -0.44183585047721863, -0.4416600167751312, -0.44171828031539917, -0.44176554679870605, -0.4417710602283478, -0.44174477458000183, -0.44169867038726807, -0.4417516589164734, -0.44179511070251465, -0.44184258580207825, -0.44185829162597656, -0.44183775782585144, -0.4418189227581024, -0.4418412744998932, -0.4417990744113922, -0.4418346881866455, -0.4418075680732727, -0.44182145595550537, -0.4417610466480255, -0.441802442073822, -0.44183871150016785, -0.44182273745536804, -0.4418104887008667, -0.441824734210968, -0.4418025314807892, -0.4418284595012665, -0.4418138861656189, -0.4417920708656311, -0.4418184161186218, -0.441860169172287, -0.44182536005973816, -0.4418065547943115, -0.4417837858200073, -0.44176650047302246, -0.4417799711227417], "val_mean_absolute_error": [0.9309520721435547, 0.91888827085495, 0.876372754573822, 0.8478420972824097, 0.871796727180481, 0.8794665336608887, 0.9026355147361755, 0.9132205247879028, 0.9076164960861206, 0.9117489457130432, 0.9312264323234558, 0.9447800517082214, 0.9256526231765747, 0.948075532913208, 0.9689657688140869, 0.9403871297836304, 0.9831947088241577, 0.9874728322029114, 1.0004740953445435, 0.9907329082489014, 1.0322917699813843, 1.06565260887146, 1.001442313194275, 0.9804390072822571, 0.9680513143539429, 0.9633381366729736, 0.9580423831939697, 0.9575442671775818, 0.9503569006919861, 0.9493092894554138, 0.9519131183624268, 0.9555268287658691, 0.9491614699363708, 0.9527801275253296, 0.9518596529960632, 0.9524726867675781, 0.9554166197776794, 0.9550727605819702, 0.953950822353363, 0.9540531039237976, 0.9556635022163391, 0.9554672241210938, 0.9552462697029114, 0.9548251628875732, 0.9541478753089905, 0.9537597894668579, 0.9542895555496216, 0.954972505569458, 0.9555932879447937, 0.9561384320259094, 0.9565818309783936, 0.9568189978599548, 0.9570590257644653, 0.9573950171470642, 0.9575579166412354, 0.9577243328094482, 0.9579727053642273, 0.9581315517425537, 0.9581063985824585, 0.958143949508667, 0.9583218097686768, 0.9584106206893921, 0.9585564136505127, 0.9586219191551208, 0.9587060809135437, 0.958608865737915, 0.9587460160255432, 0.9587121605873108, 0.9586364030838013, 0.9586328268051147, 0.9585897922515869, 0.958569347858429, 0.9586377143859863, 0.9587456583976746, 0.9586870074272156, 0.958698034286499, 0.9587661623954773, 0.9587604999542236, 0.9587776064872742, 0.9586744904518127],