{"val_loss": [1.1152857542037964, 0.7640596628189087, 0.47099947929382324, 0.31247392296791077, 0.26068511605262756], "val_mean_squared_error": [0.08963697403669357, 0.07704935222864151, 0.07172885537147522, 0.07023677229881287, 0.06953100860118866], "val_cosine_proximity": [-0.21172977983951569, -0.33964651823043823, -0.381313681602478, -0.3950280249118805, -0.40536585450172424], "val_mean_absolute_error": [0.22802339494228363, 0.21307872235774994, 0.20508672297000885, 0.20300771296024323, 0.20269636809825897], "val_combined_loss": [0.068463996052742, 0.043084703385829926, 0.033597491681575775, 0.030733969062566757, 0.028994418680667877], "loss": [2.1831395824750266, 1.8202404843436346, 1.4808873666657343, 1.2470668488078647, 1.1656512485610113], "mean_squared_error": [0.9944277538193597, 0.9443866047594283, 0.9240550994873047, 0.9213478035397, 0.932156867451138], "cosine_proximity": [-0.03552388466454835, -0.17237025582128102, -0.23875667568710116, -0.2579079055123859, -0.22078744404845768], "mean_absolute_error": [0.7876262863477071, 0.7667504913277097, 0.7581257654560937, 0.7568895088301765, 0.7613946663008796], "combined_loss": [0.9908753964636061, 0.9271495673391554, 0.9001794424321916, 0.8955570095115237, 0.9100781248675452], "lr": [0.10000000149011612, 0.10000000149011612, 0.10000000149011612, 0.10000000149011612, 0.10000000149011612]}