{"val_loss": [1.7199230194091797, 0.7458710670471191, 0.5604992508888245, 0.49507009983062744, 0.47210875153541565, 0.4689085781574249, 0.4625491797924042, 0.4565621316432953, 0.47112077474594116, 0.44800281524658203, 0.46822041273117065, 0.4458347260951996, 0.4538493752479553, 0.45566144585609436, 0.4422251582145691, 0.4404183626174927, 0.45268014073371887, 0.43671444058418274, 0.44577333331108093, 0.45440322160720825, 0.4544636607170105, 0.6144656538963318, 0.47631511092185974, 0.3265044093132019, 0.22391995787620544, 0.16679376363754272, 0.1438402533531189, 0.13417817652225494, 0.1319604516029358, 0.13110210001468658, 0.1270570158958435, 0.12786266207695007, 0.12536343932151794, 0.12395994365215302, 0.12733343243598938, 0.12559199333190918, 0.14872179925441742, 0.1344420462846756, 0.1186356395483017, 0.10840055346488953, 0.1001453548669815, 0.09545723348855972, 0.09258593618869781, 0.09131021797657013, 0.09008081257343292, 0.08938747644424438, 0.09007707238197327, 0.08934073150157928, 0.08839826285839081, 0.08760921657085419, 0.08693765848875046, 0.08677273243665695, 0.08665259182453156, 0.08657854795455933, 0.08649903535842896, 0.08640508353710175, 0.08632123470306396, 0.08622541278600693, 0.08619213104248047, 0.08614370971918106, 0.08607228100299835, 0.08604460954666138, 0.08601599931716919, 0.08597856760025024, 0.0859459638595581, 0.08591696619987488, 0.08588509261608124, 0.08582036942243576, 0.0858193188905716, 0.0857984721660614, 0.08575901389122009, 0.0857311487197876, 0.08572067320346832, 0.08570712804794312, 0.08564186096191406, 0.08556562662124634, 0.08554373681545258, 0.08554430305957794, 0.08551627397537231, 0.08550219237804413], "val_mean_squared_error": [0.11946987360715866, 0.09738720208406448, 0.09755368530750275, 0.09151329100131989, 0.0889909565448761, 0.09114345908164978, 0.08876923471689224, 0.09095844626426697, 0.1004859060049057, 0.08848167210817337, 0.10494428873062134, 0.08735635876655579, 0.09594105929136276, 0.09349830448627472, 0.08852531760931015, 0.08796415477991104, 0.0953609049320221, 0.08522476255893707, 0.08990440517663956, 0.09722098708152771, 0.09450576454401016, 0.09306368231773376, 0.08069600909948349, 0.07732271403074265, 0.07762354612350464, 0.07601595669984818, 0.0760243833065033, 0.07598480582237244, 0.0759909525513649, 0.07612555474042892, 0.07490164041519165, 0.0758146122097969, 0.0758240669965744, 0.07510307431221008, 0.07649435847997665, 0.07606886327266693, 0.08117601275444031, 0.07770213484764099, 0.07511142641305923, 0.07458994537591934, 0.07393351197242737, 0.07386031746864319, 0.0738556832075119, 0.07427258044481277, 0.07423320412635803, 0.07435972988605499, 0.07436473667621613, 0.0742894783616066, 0.07423901557922363, 0.0741676390171051, 0.07411753386259079, 0.07412490993738174, 0.07409912347793579, 0.07409794628620148, 0.07408878952264786, 0.07407056540250778, 0.07405053079128265, 0.074022077023983, 0.07403342425823212, 0.07403387874364853, 0.07401680201292038, 0.07402988523244858, 0.0740392729640007, 0.07404158264398575, 0.07404705882072449, 0.07405482977628708, 0.07405804842710495, 0.07403960824012756, 0.07406212389469147, 0.07407139986753464, 0.07406683266162872, 0.074069544672966, 0.07408308982849121, 0.07409454137086868, 0.07407162338495255, 0.07403907179832458, 0.07404299080371857, 0.07406138628721237, 0.07406247407197952, 0.07407153397798538], "val_cosine_proximity": [-0.44649773836135864, -0.5141253471374512, -0.5357262492179871, -0.5608384609222412, -0.548810601234436, -0.5443336963653564, -0.5498890280723572, -0.5365169048309326, -0.5346052646636963, -0.5613381862640381, -0.5066861510276794, -0.5451349020004272, -0.5096641182899475, -0.5090898275375366, -0.5380303263664246, -0.5392119884490967, -0.5368866920471191, -0.5494367480278015, -0.5211507678031921, -0.5127791166305542, -0.5372578501701355, -0.5069735050201416, -0.5839449167251587, -0.6111317276954651, -0.6116273999214172, -0.6238138675689697, -0.6242470741271973, -0.6250497102737427, -0.6240776181221008, -0.6236531734466553, -0.6301993131637573, -0.6234408020973206, -0.6263684630393982, -0.6295151710510254, -0.6241073608398438, -0.626270055770874, -0.5981156229972839, -0.6166931986808777, -0.6314598321914673, -0.6343621015548706, -0.6378703117370605, -0.6379932165145874, -0.6374115943908691, -0.6343963742256165, -0.6342864632606506, -0.6333643198013306, -0.6328266859054565, -0.6332738995552063, -0.6335761547088623, -0.6340063810348511, -0.6343002915382385, -0.6342519521713257, -0.6343759298324585, -0.6343823075294495, -0.6344285607337952, -0.6345310211181641, -0.6346104145050049, -0.6347389221191406, -0.6346825361251831, -0.6346818208694458, -0.6347529888153076, -0.634702205657959, -0.6346465945243835, -0.634621798992157, -0.6345998644828796, -0.6345682740211487, -0.6345372200012207, -0.6346319317817688, -0.634515106678009, -0.634466826915741, -0.6344713568687439, -0.6344408988952637, -0.634368360042572, -0.6343088150024414, -0.6344203352928162, -0.6345719695091248, -0.634538471698761, -0.6344234943389893, -0.6344202160835266, -0.6343616843223572], "val_mean_absolute_error": [0.26935669779777527, 0.24352654814720154, 0.24056361615657806, 0.23409657180309296, 0.23146754503250122, 0.23454856872558594, 0.23154358565807343, 0.23353302478790283, 0.24559541046619415, 0.2300240397453308, 0.24772922694683075, 0.2292383909225464, 0.23700092732906342, 0.2361900359392166, 0.22922813892364502, 0.22920851409435272, 0.23971503973007202, 0.22684302926063538, 0.23202233016490936, 0.23985882103443146, 0.2381853610277176, 0.23612573742866516, 0.21746185421943665, 0.21255463361740112, 0.21209655702114105, 0.21053388714790344, 0.21043241024017334, 0.21020500361919403, 0.21007457375526428, 0.2107018530368805, 0.2090853899717331, 0.21049445867538452, 0.2103620171546936, 0.20955318212509155, 0.21135371923446655, 0.2106371521949768, 0.21824556589126587, 0.21323184669017792, 0.2094326764345169, 0.2086714208126068, 0.20769479870796204, 0.20769457519054413, 0.2078169584274292, 0.2083500623703003, 0.2084103375673294, 0.20856861770153046, 0.2086837738752365, 0.20859357714653015, 0.2085309475660324, 0.2084510624408722, 0.2083909660577774, 0.20839650928974152, 0.20837245881557465, 0.20837250351905823, 0.20836429297924042, 0.20834720134735107, 0.20833157002925873, 0.20830200612545013, 0.20831149816513062, 0.2083127796649933, 0.20829647779464722, 0.2083103209733963, 0.2083202749490738, 0.20832416415214539, 0.20832912623882294, 0.20833860337734222, 0.2083411067724228, 0.20832210779190063, 0.2083471715450287, 0.20835816860198975, 0.20835447311401367, 0.20835720002651215, 0.20837196707725525, 0.20838412642478943, 0.2083614021539688, 0.20832866430282593, 0.20833313465118408, 0.2083536684513092, 0.2083548605442047, 0.20836502313613892],