{"val_loss": [1.1122791767120361], "val_mean_squared_error": [0.08893898129463196], "val_cosine_proximity": [-0.2320549041032791], "val_mean_absolute_error": [0.22723209857940674], "val_combined_loss": [0.06573347747325897], "loss": [2.1855314705106945], "mean_squared_error": [0.9975164896912045], "cosine_proximity": [-0.039468398744550846], "mean_absolute_error": [0.7888128128316667], "combined_loss": [0.9935696224371592], "lr": [0.10000000149011612]}