{"val_loss": [1.075793981552124, 0.7126914262771606, 0.3982103168964386, 0.2443528175354004, 0.20806674659252167, 0.18689411878585815, 0.18437746167182922, 0.16947901248931885, 0.16695718467235565, 0.1606399565935135, 0.1596589982509613, 0.1568038910627365, 0.1531461626291275, 0.15235072374343872, 0.1503084897994995, 0.14755214750766754, 0.1464591920375824, 0.14712832868099213, 0.14555877447128296, 0.1438438594341278, 0.14143431186676025, 0.18227973580360413, 0.1524978131055832, 0.12321379780769348, 0.09867049008607864, 0.08052366971969604, 0.06818972527980804, 0.06107093766331673, 0.056405555456876755, 0.053615305572748184, 0.05154096335172653, 0.049936991184949875, 0.04912508279085159, 0.04840662330389023, 0.04800118878483772, 0.047415394335985184, 0.05051837116479874, 0.04879509285092354, 0.04620202258229256, 0.04400467127561569, 0.04219196364283562, 0.040558625012636185, 0.039266228675842285, 0.03830175846815109, 0.037479110062122345, 0.036775149405002594, 0.036658208817243576, 0.03648873418569565, 0.03630039840936661, 0.03614116832613945, 0.0359782949090004, 0.03590628504753113, 0.03586127981543541, 0.03583477437496185, 0.035798050463199615, 0.03577958047389984, 0.035766832530498505, 0.035744402557611465, 0.035722531378269196, 0.03570505604147911, 0.035683996975421906, 0.035676438361406326, 0.03565435856580734, 0.03565109521150589, 0.03563927486538887, 0.0356232225894928, 0.03560866415500641, 0.03560212254524231, 0.03559746593236923, 0.03559579700231552, 0.03557845950126648, 0.03556300699710846, 0.03554437309503555, 0.03554191812872887, 0.035534340888261795, 0.0355248898267746, 0.03551407530903816, 0.03550330922007561, 0.035500138998031616, 0.03550194576382637], "val_mean_squared_error": [0.055859483778476715, 0.04881824553012848, 0.04357036575675011, 0.04228861257433891, 0.04231942817568779, 0.042051345109939575, 0.044211916625499725, 0.04171225428581238, 0.04257293790578842, 0.041924551129341125, 0.042705632746219635, 0.042814258486032486, 0.042168810963630676, 0.04278704524040222, 0.04271986335515976, 0.04263128340244293, 0.042502742260694504, 0.04331670328974724, 0.04280608147382736, 0.04195594787597656, 0.04229452461004257, 0.04453098401427269, 0.04068176448345184, 0.03994026780128479, 0.03970850259065628, 0.03963431343436241, 0.03957483172416687, 0.03959690034389496, 0.03952699154615402, 0.03944532573223114, 0.039320215582847595, 0.039204955101013184, 0.03917451202869415, 0.039120424538850784, 0.039170894771814346, 0.03914188966155052, 0.03917871043086052, 0.0390399694442749, 0.03889310732483864, 0.03881632164120674, 0.03876975551247597, 0.03872847184538841, 0.03870537504553795, 0.038714032620191574, 0.03872261941432953, 0.03871976211667061, 0.03871653601527214, 0.03870318457484245, 0.03869054839015007, 0.03868381306529045, 0.03867456316947937, 0.03866828233003616, 0.03865974023938179, 0.038654908537864685, 0.03864690288901329, 0.038645531982183456, 0.038646336644887924, 0.038642629981040955, 0.038638900965452194, 0.03863762319087982, 0.03863508999347687, 0.03863668814301491, 0.03863280266523361, 0.038637250661849976, 0.03863842040300369, 0.038637008517980576, 0.038635462522506714, 0.03863700106739998, 0.038639385253190994, 0.038643211126327515, 0.03864027187228203, 0.038638483732938766, 0.038635291159152985, 0.0386391207575798, 0.03864097222685814, 0.03864169493317604, 0.03864174708724022, 0.038641706109046936, 0.038644980639219284, 0.03864969313144684], "val_cosine_proximity": [-0.18704809248447418, -0.3055991232395172, -0.3489949107170105, -0.36375123262405396, -0.3687332570552826, -0.3776504397392273, -0.3652138113975525, -0.38690680265426636, -0.38501763343811035, -0.38343074917793274, -0.3754865229129791, -0.37870392203330994, -0.38399603962898254, -0.37602004408836365, -0.37736812233924866, -0.37755048274993896, -0.3750108480453491, -0.36820071935653687, -0.3685828447341919, -0.38285449147224426, -0.37876275181770325, -0.3503013253211975, -0.4135752022266388, -0.42882904410362244, -0.43685081601142883, -0.4428611397743225, -0.448017954826355, -0.447928786277771, -0.4496249854564667, -0.44972121715545654, -0.4533829092979431, -0.4556896984577179, -0.45423898100852966, -0.4557105004787445, -0.45408934354782104, -0.4556705951690674, -0.45192277431488037, -0.4556581974029541, -0.46022894978523254, -0.46288520097732544, -0.4642352759838104, -0.4661639332771301, -0.46709832549095154, -0.467111200094223, -0.4671410620212555, -0.46723419427871704, -0.4670361280441284, -0.46726444363594055, -0.4675506353378296, -0.4676869213581085, -0.4679010808467865, -0.46802741289138794, -0.46820202469825745, -0.4682750701904297, -0.4684230089187622, -0.4684606194496155, -0.4684618413448334, -0.4685201644897461, -0.46857208013534546, -0.4686070382595062, -0.46866509318351746, -0.4686312973499298, -0.46869027614593506, -0.46864715218544006, -0.4686543941497803, -0.4686781167984009, -0.4686896502971649, -0.4686504304409027, -0.4686054289340973, -0.46854615211486816, -0.4685787558555603, -0.46859806776046753, -0.46863609552383423, -0.4685889482498169, -0.46857231855392456, -0.46856361627578735, -0.46856385469436646, -0.4685640037059784, -0.46852120757102966, -0.46844542026519775], "val_mean_absolute_error": [0.18142051994800568, 0.17034195363521576, 0.1599751114845276, 0.15730790793895721, 0.15768563747406006, 0.1574418693780899, 0.1629725992679596, 0.15724033117294312, 0.1588362753391266, 0.15761587023735046, 0.15934322774410248, 0.1592073142528534, 0.15835732221603394, 0.15922340750694275, 0.1588660478591919, 0.15853214263916016, 0.15834541618824005, 0.1596851944923401, 0.15881025791168213, 0.15805962681770325, 0.1579711139202118, 0.16285449266433716, 0.15462593734264374, 0.15293753147125244, 0.15239223837852478, 0.15216735005378723, 0.151932492852211, 0.15197189152240753, 0.15183474123477936, 0.15169928967952728, 0.15149790048599243, 0.151327982544899, 0.15129154920578003, 0.1512257605791092, 0.15130208432674408, 0.1512170433998108, 0.15156736969947815, 0.151273712515831, 0.15092702209949493, 0.15074314177036285, 0.1506422460079193, 0.15051528811454773, 0.15046049654483795, 0.15048019587993622, 0.15048934519290924, 0.15048755705356598, 0.1504894196987152, 0.15046824514865875, 0.15044660866260529, 0.15043561160564423, 0.15042150020599365, 0.1504109799861908, 0.15039826929569244, 0.15039081871509552, 0.15037864446640015, 0.15037426352500916, 0.15037475526332855, 0.15036948025226593, 0.1503644436597824, 0.1503630131483078, 0.15035942196846008, 0.15036119520664215, 0.15035660564899445, 0.1503622680902481, 0.15036322176456451, 0.15036197006702423, 0.15036006271839142, 0.15036210417747498, 0.1503661572933197, 0.15037089586257935, 0.1503680795431137, 0.15036703646183014, 0.15036223828792572, 0.15036724507808685, 0.15036946535110474, 0.15037105977535248, 0.15037009119987488, 0.15036892890930176, 0.150373175740242, 0.1503794640302658],