{"val_loss": [3.0824203491210938, 3.150190830230713, 3.236976146697998, 3.423973798751831, 3.6997690200805664, 4.079527854919434, 4.802141189575195, 5.362545967102051, 5.895421028137207, 6.384256839752197, 6.723470211029053, 7.228333950042725, 7.436713218688965, 7.510484218597412, 7.674868106842041, 7.7418212890625, 7.810564994812012, 7.814452648162842, 7.702116012573242, 7.753783702850342, 7.802377700805664, 8.137470245361328, 7.807386875152588, 7.670551300048828, 7.542517185211182, 7.470606803894043, 7.492905139923096, 7.397921085357666, 7.353731155395508, 7.416896343231201, 7.294221878051758, 7.220570087432861, 7.238353252410889, 7.22597074508667, 7.212405681610107, 7.1408257484436035, 7.1460041999816895, 7.166505813598633, 7.184126853942871, 7.20067024230957, 7.212160587310791, 7.229981422424316, 7.234833240509033, 7.232091426849365, 7.235062122344971, 7.24027156829834, 7.247811794281006, 7.253212928771973, 7.259247779846191, 7.263375282287598, 7.266145706176758, 7.269869327545166, 7.272740364074707, 7.275390148162842, 7.278263568878174, 7.279956340789795, 7.280838966369629, 7.281373500823975, 7.283895492553711, 7.284346103668213, 7.286289691925049, 7.2866692543029785, 7.287839412689209, 7.287232398986816, 7.289364337921143, 7.288435935974121, 7.287914752960205, 7.288079261779785, 7.28666353225708, 7.287031173706055, 7.288225173950195, 7.2869977951049805, 7.288090705871582, 7.287747383117676, 7.289816856384277, 7.290603160858154, 7.289734363555908, 7.289878845214844, 7.29042911529541, 7.290349006652832], "val_mean_squared_error": [1.892484188079834, 1.9626927375793457, 2.0059096813201904, 2.0881638526916504, 2.1879184246063232, 2.337451696395874, 2.7906148433685303, 3.069993019104004, 3.3229482173919678, 3.551779270172119, 3.6572370529174805, 3.9614269733428955, 3.993786096572876, 3.9184410572052, 3.9576897621154785, 3.9234704971313477, 3.906646490097046, 3.842288017272949, 3.6732823848724365, 3.674391984939575, 3.6847541332244873, 3.945185661315918, 3.6269795894622803, 3.520040988922119, 3.422985792160034, 3.3815245628356934, 3.433725595474243, 3.368438720703125, 3.3519070148468018, 3.442899227142334, 3.346428871154785, 3.2998406887054443, 3.3442249298095703, 3.3580777645111084, 3.3704886436462402, 3.323596715927124, 3.339099645614624, 3.363677978515625, 3.384444236755371, 3.403977632522583, 3.4183404445648193, 3.438979148864746, 3.446671485900879, 3.4467155933380127, 3.452535390853882, 3.460620641708374, 3.469447612762451, 3.4752891063690186, 3.4816207885742188, 3.4860284328460693, 3.4890780448913574, 3.492926836013794, 3.4958343505859375, 3.498514175415039, 3.501412868499756, 3.5031304359436035, 3.5040392875671387, 3.504605770111084, 3.507159471511841, 3.507636308670044, 3.5096051692962646, 3.510018825531006, 3.5112130641937256, 3.510636568069458, 3.5127956867218018, 3.511894464492798, 3.5114006996154785, 3.5115954875946045, 3.510213613510132, 3.510610342025757, 3.511826276779175, 3.510626792907715, 3.511749267578125, 3.5114336013793945, 3.5135300159454346, 3.514338493347168, 3.513503313064575, 3.5136773586273193, 3.514261245727539, 3.5142102241516113], "val_cosine_proximity": [-0.3255576193332672, -0.33989062905311584, -0.3716634511947632, -0.3576761484146118, -0.3531845211982727, -0.3432588279247284, -0.2981114089488983, -0.29614487290382385, -0.27877506613731384, -0.27303025126457214, -0.2520536780357361, -0.2598611116409302, -0.25440776348114014, -0.24079199135303497, -0.23847171664237976, -0.2256140112876892, -0.2197408527135849, -0.23179717361927032, -0.22806480526924133, -0.2251681536436081, -0.23210525512695312, -0.22050365805625916, -0.23411360383033752, -0.23735733330249786, -0.23739959299564362, -0.24100856482982635, -0.24219226837158203, -0.2461887151002884, -0.2419975847005844, -0.24869176745414734, -0.24493040144443512, -0.24776950478553772, -0.24623985588550568, -0.2469574511051178, -0.25118717551231384, -0.24730512499809265, -0.2459346354007721, -0.24744948744773865, -0.24866071343421936, -0.24916350841522217, -0.24884426593780518, -0.2485828846693039, -0.24821975827217102, -0.24775101244449615, -0.2480674684047699, -0.24860110878944397, -0.24893027544021606, -0.24906091392040253, -0.24898093938827515, -0.24897392094135284, -0.2488834410905838, -0.24888524413108826, -0.2488260716199875, -0.24881179630756378, -0.24878863990306854, -0.24876070022583008, -0.24873799085617065, -0.24876683950424194, -0.248803973197937, -0.2487826943397522, -0.24875202775001526, -0.24879680573940277, -0.24875511229038239, -0.24877125024795532, -0.24876949191093445, -0.24875622987747192, -0.24874110519886017, -0.24874968826770782, -0.24880287051200867, -0.24881213903427124, -0.24873922765254974, -0.2487267106771469, -0.24873854219913483, -0.24872104823589325, -0.24870461225509644, -0.24864131212234497, -0.24869273602962494, -0.24870938062667847, -0.2487509846687317, -0.24875164031982422], "val_mean_absolute_error": [1.0550857782363892, 1.0833041667938232, 1.102718710899353, 1.126973032951355, 1.1565301418304443, 1.2007453441619873, 1.3159445524215698, 1.3828811645507812, 1.44100022315979, 1.491520881652832, 1.5105960369110107, 1.5696889162063599, 1.5811822414398193, 1.5636886358261108, 1.573502540588379, 1.5653495788574219, 1.5637108087539673, 1.5516269207000732, 1.5188238620758057, 1.5183120965957642, 1.520605444908142, 1.5719796419143677, 1.5084646940231323, 1.4862403869628906, 1.4652589559555054, 1.456786036491394, 1.46854829788208, 1.4542793035507202, 1.4507935047149658, 1.4707684516906738, 1.4500972032546997, 1.439378261566162, 1.449597954750061, 1.452909231185913, 1.4549630880355835, 1.4446649551391602, 1.4482113122940063, 1.453574776649475, 1.4580185413360596, 1.4621953964233398, 1.4653185606002808, 1.4697561264038086, 1.4714291095733643, 1.4714782238006592, 1.4727280139923096, 1.4745150804519653, 1.4764775037765503, 1.477746844291687, 1.4790993928909302, 1.4800546169281006, 1.4807113409042358, 1.4815526008605957, 1.4821704626083374, 1.4827455282211304, 1.4833697080612183, 1.4837417602539062, 1.4839296340942383, 1.4840493202209473, 1.4845798015594482, 1.484696865081787, 1.4851160049438477, 1.4851897954940796, 1.4854533672332764, 1.4853318929672241, 1.485785722732544, 1.4855903387069702, 1.4854892492294312, 1.4855315685272217, 1.485243797302246, 1.485324740409851, 1.4855890274047852, 1.4853509664535522, 1.4855879545211792, 1.4855141639709473, 1.4859461784362793, 1.4861036539077759, 1.4859344959259033, 1.4859645366668701, 1.4860830307006836, 1.4860783815383911],