{"val_loss": [2.427340507507324, 1.190123438835144, 0.9282279014587402, 0.7950437664985657, 0.7965865135192871, 0.8024727702140808, 0.8169873952865601, 0.7883472442626953, 0.7694330215454102, 0.7835445404052734, 0.7517193555831909, 0.7523892521858215, 0.7535355687141418, 0.7649244070053101, 0.7178040146827698, 0.7347740530967712, 0.721936821937561, 0.7053976058959961, 0.7578902244567871, 0.728390634059906, 0.7088618278503418, 1.0363839864730835, 0.48083364963531494, 0.28707683086395264, 0.2466619610786438, 0.24351075291633606, 0.22840678691864014, 0.2304627150297165, 0.22617876529693604, 0.23607051372528076, 0.2236635982990265, 0.22399333119392395, 0.2262655794620514, 0.22639192640781403, 0.2304999977350235, 0.22878077626228333, 0.2769240736961365, 0.21909773349761963, 0.1843203902244568, 0.17044292390346527, 0.16620732843875885, 0.16352590918540955, 0.16182862222194672, 0.16057850420475006, 0.15967713296413422, 0.1592959314584732, 0.16320490837097168, 0.159490704536438, 0.15652456879615784, 0.1547403633594513, 0.15372540056705475, 0.15329396724700928, 0.15290765464305878, 0.1526319980621338, 0.15243788063526154, 0.15219688415527344, 0.15209773182868958, 0.15204787254333496, 0.15178248286247253, 0.1516638547182083, 0.15157853066921234, 0.15147966146469116, 0.15136432647705078, 0.15132293105125427, 0.15120729804039001, 0.15113615989685059, 0.1510758101940155, 0.15102195739746094, 0.15098442137241364, 0.1509430855512619, 0.15082892775535583, 0.15079736709594727, 0.15073062479496002, 0.15064920485019684, 0.150644451379776, 0.15061882138252258, 0.15065504610538483, 0.15057273209095, 0.15056636929512024, 0.15046381950378418], "val_mean_squared_error": [0.2516871988773346, 0.15519867837429047, 0.19214512407779694, 0.14150817692279816, 0.15403461456298828, 0.16237565875053406, 0.17185823619365692, 0.15989063680171967, 0.15195071697235107, 0.16813938319683075, 0.15818560123443604, 0.15605325996875763, 0.14640578627586365, 0.16317887604236603, 0.14302872121334076, 0.14470994472503662, 0.14462891221046448, 0.14774200320243835, 0.16738037765026093, 0.15193228423595428, 0.15080463886260986, 0.1569816619157791, 0.12036340683698654, 0.12616805732250214, 0.12085942924022675, 0.11956409364938736, 0.11515245586633682, 0.11620351672172546, 0.11481747031211853, 0.11792852729558945, 0.11329903453588486, 0.11571710556745529, 0.11372282356023788, 0.11216835677623749, 0.11954501271247864, 0.11556261032819748, 0.11809402704238892, 0.11067488044500351, 0.11065945774316788, 0.11037728935480118, 0.11012139916419983, 0.10971198976039886, 0.10843215137720108, 0.1073421761393547, 0.1070418730378151, 0.10669702291488647, 0.10617435723543167, 0.10574637353420258, 0.10571950674057007, 0.10571438819169998, 0.105706587433815, 0.10552100837230682, 0.10544460266828537, 0.10543496161699295, 0.10544709861278534, 0.10535493493080139, 0.10538756102323532, 0.10543302446603775, 0.10525980591773987, 0.10523832589387894, 0.10523965209722519, 0.10519647598266602, 0.10518193989992142, 0.10518934577703476, 0.1051744818687439, 0.10516021400690079, 0.1051531434059143, 0.10513918101787567, 0.10516700893640518, 0.10519323498010635, 0.10514529049396515, 0.1051357164978981, 0.10511963069438934, 0.10509716719388962, 0.10511545091867447, 0.1051393449306488, 0.10519323498010635, 0.10514602065086365, 0.10516738891601562, 0.10511289536952972], "val_cosine_proximity": [-0.5980963110923767, -0.6608963012695312, -0.6448192000389099, -0.6837248206138611, -0.6426871418952942, -0.6391168236732483, -0.6248241662979126, -0.6558530926704407, -0.6627587080001831, -0.6174401640892029, -0.6499912142753601, -0.6476123332977295, -0.66605544090271, -0.6442489624023438, -0.6870614886283875, -0.6745769381523132, -0.6789408922195435, -0.664621114730835, -0.646705687046051, -0.6646467447280884, -0.6655444502830505, -0.6610437631607056, -0.7529493570327759, -0.746042013168335, -0.757591187953949, -0.750480055809021, -0.7683297991752625, -0.7628879547119141, -0.7632725238800049, -0.7512586712837219, -0.763213574886322, -0.7635713815689087, -0.762401819229126, -0.7629721164703369, -0.754981279373169, -0.7521600127220154, -0.7443844079971313, -0.7663381099700928, -0.7675744891166687, -0.7686172723770142, -0.7689453959465027, -0.7697963118553162, -0.7721819281578064, -0.7732112407684326, -0.773852527141571, -0.7738050222396851, -0.773826539516449, -0.7750748991966248, -0.7754477858543396, -0.7756627798080444, -0.7757790088653564, -0.7763652801513672, -0.7764721512794495, -0.7764868140220642, -0.7764540314674377, -0.7766219973564148, -0.7766032218933105, -0.7765727043151855, -0.7768502831459045, -0.7768878936767578, -0.7768734693527222, -0.776970386505127, -0.7770900726318359, -0.7770645022392273, -0.7771120667457581, -0.7771472334861755, -0.7771647572517395, -0.7771973609924316, -0.7772137522697449, -0.777229368686676, -0.7773181796073914, -0.7773067951202393, -0.7773187160491943, -0.7773581743240356, -0.7773600220680237, -0.7773388624191284, -0.7772405743598938, -0.777306079864502, -0.7772423028945923, -0.7773333191871643], "val_mean_absolute_error": [0.3965686857700348, 0.3113359808921814, 0.3451743423938751, 0.29571816325187683, 0.3109496235847473, 0.31629884243011475, 0.3270221948623657, 0.3155781626701355, 0.30769747495651245, 0.32252615690231323, 0.3128930330276489, 0.308790922164917, 0.29975202679634094, 0.31802406907081604, 0.2975354492664337, 0.30118513107299805, 0.29629677534103394, 0.30119556188583374, 0.32005566358566284, 0.302389919757843, 0.30472949147224426, 0.3096635937690735, 0.27225029468536377, 0.2773084342479706, 0.2713552415370941, 0.2706754803657532, 0.26457569003105164, 0.26590651273727417, 0.2646709084510803, 0.2694531977176666, 0.2630328834056854, 0.26559436321258545, 0.26443779468536377, 0.2623981535434723, 0.2698874771595001, 0.2659214437007904, 0.2689834535121918, 0.2601633667945862, 0.26025089621543884, 0.2600206732749939, 0.2597081661224365, 0.2592083811759949, 0.257872998714447, 0.25661858916282654, 0.25630471110343933, 0.25590574741363525, 0.2553730309009552, 0.25490179657936096, 0.2548465430736542, 0.25482359528541565, 0.2548133432865143, 0.2545984387397766, 0.25451862812042236, 0.25451427698135376, 0.2545330226421356, 0.25443658232688904, 0.25447317957878113, 0.2545284032821655, 0.25434014201164246, 0.25431814789772034, 0.25431719422340393, 0.2542746663093567, 0.25426235795021057, 0.2542671859264374, 0.25424903631210327, 0.254237562417984, 0.25422704219818115, 0.2542109191417694, 0.2542431652545929, 0.2542712092399597, 0.25421929359436035, 0.2542088031768799, 0.2541899085044861, 0.2541654109954834, 0.25418761372566223, 0.2542131841182709, 0.2542744576931, 0.2542218863964081, 0.25424087047576904, 0.2541824281215668],