{"val_loss": [1.1115353107452393, 0.7610856294631958, 0.47011488676071167, 0.3097829222679138, 0.25924453139305115, 0.24799583852291107, 0.23631054162979126, 0.2283252328634262, 0.2311525046825409, 0.22385579347610474, 0.22507427632808685, 0.21877337992191315, 0.22244860231876373, 0.21884189546108246, 0.2259042114019394, 0.21753309667110443, 0.21866489946842194, 0.22274698317050934, 0.2199028730392456, 0.22066695988178253, 0.225661963224411, 0.26614776253700256, 0.23791849613189697, 0.2089940905570984, 0.18386584520339966, 0.16319461166858673, 0.14560376107692719, 0.13235102593898773, 0.12158801406621933, 0.11300278455018997, 0.10784527659416199, 0.10342501103878021, 0.09984918683767319, 0.0970269963145256, 0.09376484900712967, 0.09258220344781876, 0.0947943776845932, 0.09362676739692688, 0.09153144806623459, 0.08972456306219101, 0.08801315724849701, 0.08648859709501266, 0.0851341187953949, 0.08396390080451965, 0.08287537097930908, 0.08192390948534012, 0.08153575658798218, 0.08133234083652496, 0.08117475360631943, 0.08101816475391388, 0.08085304498672485, 0.08078259229660034, 0.080734021961689, 0.08072374761104584, 0.08069796860218048, 0.08067658543586731, 0.0806543380022049, 0.08064748346805573, 0.08062750101089478, 0.08061301708221436, 0.08059491217136383, 0.08056989312171936, 0.08056710660457611, 0.0805610716342926, 0.08054207265377045, 0.0805077999830246, 0.08050202578306198, 0.08049701899290085, 0.08047696948051453, 0.08047769218683243, 0.08045171201229095, 0.08045094460248947, 0.08044835925102234, 0.08043404668569565, 0.08041190356016159, 0.08038856834173203, 0.08037444949150085, 0.08036362379789352, 0.08034652471542358, 0.08034073561429977], "val_mean_squared_error": [0.08797662705183029, 0.0765393078327179, 0.07203888148069382, 0.07001788914203644, 0.06913605332374573, 0.0712394118309021, 0.06943819671869278, 0.06878802925348282, 0.0714469850063324, 0.06935833394527435, 0.07014308124780655, 0.06900184601545334, 0.07129331678152084, 0.06914220005273819, 0.07313261181116104, 0.06897025555372238, 0.06924694031476974, 0.07060068845748901, 0.06878256052732468, 0.06835362315177917, 0.06929764151573181, 0.07321908324956894, 0.06760808080434799, 0.06610661745071411, 0.06543286144733429, 0.06529020518064499, 0.06480785459280014, 0.06473077088594437, 0.06445904076099396, 0.06412556022405624, 0.06443179398775101, 0.0643809512257576, 0.06427769362926483, 0.06419070810079575, 0.06362196803092957, 0.06382162868976593, 0.06401047110557556, 0.06391347944736481, 0.06370626389980316, 0.06360971182584763, 0.06350018829107285, 0.06341918557882309, 0.06335625797510147, 0.06334325671195984, 0.06330090761184692, 0.06329121440649033, 0.0632631853222847, 0.06323391944169998, 0.06321688741445541, 0.06319981068372726, 0.0631786435842514, 0.06316780298948288, 0.06315197795629501, 0.06315375119447708, 0.06314624845981598, 0.06314067542552948, 0.0631355345249176, 0.063138447701931, 0.06313280761241913, 0.06313193589448929, 0.06312902271747589, 0.06312214583158493, 0.06312735378742218, 0.06313001364469528, 0.06312642246484756, 0.06311353296041489, 0.06311729550361633, 0.06312151998281479, 0.06311725825071335, 0.06312456727027893, 0.0631159096956253, 0.06312313675880432, 0.06312713772058487, 0.06312469393014908, 0.06311967968940735, 0.0631132423877716, 0.06311199814081192, 0.06311289221048355, 0.06310740113258362, 0.06310974806547165], "val_cosine_proximity": [-0.22307513654232025, -0.345663458108902, -0.3873807489871979, -0.39820006489753723, -0.4127427637577057, -0.4035324454307556, -0.41623198986053467, -0.4236428737640381, -0.4095808267593384, -0.4180748462677002, -0.4124850332736969, -0.4218546152114868, -0.4092651605606079, -0.4200277030467987, -0.3959159553050995, -0.41736412048339844, -0.4222363233566284, -0.4091440439224243, -0.4215080142021179, -0.42214643955230713, -0.4183811843395233, -0.3796965777873993, -0.43209999799728394, -0.4511898159980774, -0.4604348838329315, -0.463348925113678, -0.4701308310031891, -0.4712589979171753, -0.47520798444747925, -0.4798128008842468, -0.47625911235809326, -0.4763277471065521, -0.4774777293205261, -0.4787759482860565, -0.4846576750278473, -0.4831088185310364, -0.48060065507888794, -0.481659859418869, -0.4838656187057495, -0.48492148518562317, -0.48605841398239136, -0.4869905412197113, -0.48753586411476135, -0.48764756321907043, -0.4880843460559845, -0.4881874918937683, -0.48843055963516235, -0.4887252151966095, -0.4888773262500763, -0.4890226721763611, -0.48922234773635864, -0.4893113672733307, -0.48946595191955566, -0.4894564747810364, -0.48952019214630127, -0.4895603060722351, -0.48961228132247925, -0.48959529399871826, -0.48961693048477173, -0.4896346926689148, -0.4896710216999054, -0.4897342324256897, -0.48969802260398865, -0.48967060446739197, -0.4897063374519348, -0.4898037314414978, -0.4897801876068115, -0.48975545167922974, -0.48979851603507996, -0.48974838852882385, -0.4898076355457306, -0.4897722601890564, -0.4897257089614868, -0.4897312819957733, -0.48978859186172485, -0.4898436665534973, -0.48985984921455383, -0.4898633658885956, -0.4898674786090851, -0.4898342788219452], "val_mean_absolute_error": [0.22639329731464386, 0.2124747335910797, 0.20628201961517334, 0.20253394544124603, 0.20160628855228424, 0.2053392231464386, 0.20250064134597778, 0.20100992918014526, 0.20572763681411743, 0.20242644846439362, 0.20436125993728638, 0.20142541825771332, 0.20462869107723236, 0.20174987614154816, 0.2082841545343399, 0.2014349400997162, 0.20254021883010864, 0.20412595570087433, 0.20129269361495972, 0.2004532665014267, 0.20236797630786896, 0.20874136686325073, 0.19996221363544464, 0.19736908376216888, 0.19622205197811127, 0.19583745300769806, 0.19499368965625763, 0.19481685757637024, 0.19434165954589844, 0.19382625818252563, 0.1942710280418396, 0.19430549442768097, 0.1941220909357071, 0.19392788410186768, 0.19318000972270966, 0.19348430633544922, 0.19387702643871307, 0.19374287128448486, 0.19341586530208588, 0.19327658414840698, 0.1930903047323227, 0.19295623898506165, 0.1928647756576538, 0.19283299148082733, 0.19277673959732056, 0.19277437031269073, 0.19273586571216583, 0.19269679486751556, 0.1926758885383606, 0.19265319406986237, 0.19262458384037018, 0.19261030852794647, 0.19258996844291687, 0.19259166717529297, 0.1925819218158722, 0.19257566332817078, 0.19256873428821564, 0.1925715208053589, 0.19256573915481567, 0.19256344437599182, 0.192560076713562, 0.1925518810749054, 0.19255855679512024, 0.19256272912025452, 0.19255848228931427, 0.1925431787967682, 0.19254732131958008, 0.19255176186561584, 0.192545086145401, 0.19255338609218597, 0.1925434172153473, 0.19255079329013824, 0.1925562620162964, 0.1925547569990158, 0.19254781305789948, 0.19254028797149658, 0.19253776967525482, 0.19253800809383392, 0.19253398478031158, 0.1925375759601593],