{"val_loss": [5.257192611694336, 4.1875319480896, 3.3174889087677, 2.649254322052002, 2.216191530227661, 2.021806240081787, 1.9983081817626953, 2.0226948261260986, 2.0062246322631836, 1.9244005680084229, 1.7918816804885864, 1.6553982496261597, 1.5621808767318726, 1.5315221548080444, 1.5306847095489502, 1.5056838989257812, 1.4507144689559937, 1.395411491394043, 1.3744794130325317, 1.3702409267425537, 1.3488848209381104, 1.3197135925292969, 1.304319143295288, 1.297375202178955, 1.282726526260376, 1.2689687013626099, 1.2633687257766724, 1.2538483142852783, 1.2457199096679688, 1.2393581867218018, 1.232414960861206, 1.2272697687149048, 1.2222505807876587, 1.2179242372512817, 1.214945673942566, 1.2100880146026611, 1.209152102470398, 1.2067556381225586, 1.2046096324920654, 1.2011151313781738, 1.19948148727417, 1.1975338459014893, 1.1953164339065552, 1.1945903301239014, 1.1935827732086182, 1.190803050994873, 1.1897228956222534, 1.1891905069351196, 1.1894344091415405, 1.1890939474105835, 1.187845230102539, 1.1866158246994019, 1.1851520538330078, 1.1836482286453247, 1.182084560394287, 1.1837161779403687, 1.1850414276123047, 1.1842331886291504, 1.1843401193618774, 1.1845489740371704, 1.1841121912002563, 1.1809417009353638, 1.1802910566329956, 1.179258108139038, 1.1797724962234497, 1.1801369190216064, 1.1813617944717407, 1.1799606084823608, 1.1787575483322144, 1.1792926788330078, 1.1786293983459473, 1.1785197257995605, 1.1767218112945557, 1.1770809888839722, 1.1758803129196167, 1.172744870185852, 1.1730542182922363, 1.171341061592102, 1.1729553937911987, 1.1716241836547852], "val_mean_squared_error": [1.1083815097808838, 1.0960979461669922, 1.0893537998199463, 1.0865652561187744, 1.0856962203979492, 1.0861585140228271, 1.0875505208969116, 1.0876790285110474, 1.0871071815490723, 1.0859066247940063, 1.0830752849578857, 1.082933783531189, 1.0856612920761108, 1.0891259908676147, 1.0904943943023682, 1.089860200881958, 1.0891706943511963, 1.0891153812408447, 1.089848279953003, 1.090552568435669, 1.0899009704589844, 1.0897786617279053, 1.090346336364746, 1.0906412601470947, 1.09050452709198, 1.0911738872528076, 1.0907498598098755, 1.0899463891983032, 1.0896503925323486, 1.0896999835968018, 1.0900219678878784, 1.0896536111831665, 1.0895072221755981, 1.0892393589019775, 1.0891258716583252, 1.0894606113433838, 1.089153528213501, 1.0884182453155518, 1.087782621383667, 1.0874924659729004, 1.0874450206756592, 1.0872329473495483, 1.0870310068130493, 1.0862796306610107, 1.0862551927566528, 1.0862109661102295, 1.0856800079345703, 1.0852715969085693, 1.0854618549346924, 1.0853145122528076, 1.0854008197784424, 1.0854088068008423, 1.0847057104110718, 1.0842020511627197, 1.0840402841567993, 1.084738850593567, 1.085425853729248, 1.0852421522140503, 1.0852303504943848, 1.084949016571045, 1.0851761102676392, 1.0835264921188354, 1.0835402011871338, 1.0830806493759155, 1.0830516815185547, 1.0839111804962158, 1.0846713781356812, 1.0841063261032104, 1.083418846130371, 1.0834341049194336, 1.0832754373550415, 1.0831012725830078, 1.0829663276672363, 1.0827990770339966, 1.0820047855377197, 1.0810120105743408, 1.0809931755065918, 1.0809423923492432, 1.0816861391067505, 1.0808684825897217], "val_cosine_proximity": [-0.008424571715295315, -0.019349996000528336, -0.028281260281801224, -0.03351364657282829, -0.03647521138191223, -0.03681614249944687, -0.034257300198078156, -0.035005874931812286, -0.03549835830926895, -0.038762032985687256, -0.050004005432128906, -0.05052180960774422, -0.03971264511346817, -0.027864763513207436, -0.02481733448803425, -0.02764761447906494, -0.02953389286994934, -0.028716307133436203, -0.025952231138944626, -0.022641561925411224, -0.025558555498719215, -0.026064913719892502, -0.02350548282265663, -0.02195446565747261, -0.022306710481643677, -0.018827300518751144, -0.019917916506528854, -0.022841328755021095, -0.023760849609971046, -0.02347680553793907, -0.021358834579586983, -0.022454584017395973, -0.022494060918688774, -0.023395637050271034, -0.023320863023400307, -0.020947705954313278, -0.021964307874441147, -0.02485046163201332, -0.0275739673525095, -0.028432050719857216, -0.028170526027679443, -0.02871592715382576, -0.029341423884034157, -0.03268580883741379, -0.03234604001045227, -0.03200409561395645, -0.03450468182563782, -0.03630851209163666, -0.0345548577606678, -0.03505687043070793, -0.034136801958084106, -0.0337577722966671, -0.03708220645785332, -0.039324332028627396, -0.03998791426420212, -0.03575360029935837, -0.031450528651475906, -0.03193334862589836, -0.03165788576006889, -0.0328165702521801, -0.03082827292382717, -0.040769629180431366, -0.04010375589132309, -0.042629364877939224, -0.04214801639318466, -0.03652087226510048, -0.031106457114219666, -0.03441425412893295, -0.038651756942272186, -0.03839865326881409, -0.03924555703997612, -0.040177468210458755, -0.04090707376599312, -0.04159312695264816, -0.047006066888570786, -0.052767783403396606, -0.053160153329372406, -0.053906895220279694, -0.048580341041088104, -0.054778046905994415], "val_mean_absolute_error": [0.8334760665893555, 0.8286812901496887, 0.8259168863296509, 0.8246644735336304, 0.8242543339729309, 0.8244358897209167, 0.8249624371528625, 0.8249751329421997, 0.824755072593689, 0.8242479562759399, 0.8230716586112976, 0.8231061697006226, 0.8243080377578735, 0.8256802558898926, 0.8261967897415161, 0.8259406089782715, 0.8256993293762207, 0.8256629109382629, 0.8258773684501648, 0.826189398765564, 0.8259044885635376, 0.8258110880851746, 0.8260785937309265, 0.8261906504631042, 0.8261451721191406, 0.8263805508613586, 0.8261944055557251, 0.8259162902832031, 0.8258243799209595, 0.8258112072944641, 0.8259330987930298, 0.8257595300674438, 0.8257288932800293, 0.8255950808525085, 0.8255609273910522, 0.8256667256355286, 0.8255609273910522, 0.8252569437026978, 0.8250076174736023, 0.82489013671875, 0.8248592615127563, 0.8247643709182739, 0.824670135974884, 0.824385941028595, 0.8243676424026489, 0.8243125081062317, 0.8240863680839539, 0.8239587545394897, 0.8240448832511902, 0.8239785432815552, 0.8239879608154297, 0.8239779472351074, 0.8236787915229797, 0.823497474193573, 0.8234089612960815, 0.8236569166183472, 0.8239364624023438, 0.8238509297370911, 0.8238322138786316, 0.823715090751648, 0.8237876892089844, 0.8231450915336609, 0.8231536746025085, 0.822989821434021, 0.8229964375495911, 0.8233404159545898, 0.8236377835273743, 0.8234173059463501, 0.8231387138366699, 0.8231266140937805, 0.8230908513069153, 0.8230015635490417, 0.8229345083236694, 0.8228579759597778, 0.822553277015686, 0.8221774101257324, 0.8221563100814819, 0.8221192359924316, 0.8223978281021118, 0.822039008140564],