{"val_loss": [1.0746383666992188, 0.7081586122512817, 0.3934808373451233, 0.2418615072965622, 0.20301352441310883, 0.18246418237686157, 0.17154061794281006, 0.16141627728939056, 0.15783652663230896, 0.1542215347290039, 0.15247087180614471, 0.14987318217754364, 0.1461658626794815, 0.1440262496471405, 0.1424030065536499, 0.1412595510482788, 0.1437758207321167, 0.14079132676124573, 0.13625049591064453, 0.13591568171977997, 0.1342092603445053, 0.17450153827667236, 0.14397981762886047, 0.11350800096988678, 0.08932454138994217, 0.07239043712615967, 0.06168694794178009, 0.05530752241611481, 0.05222097039222717, 0.049170345067977905, 0.04788654297590256, 0.046785518527030945, 0.04584800451993942, 0.04456441104412079, 0.044791415333747864, 0.0435837097465992, 0.04682176560163498, 0.04477434605360031, 0.04190373793244362, 0.03971413895487785, 0.037922345101833344, 0.03640659525990486, 0.03524038940668106, 0.03438062220811844, 0.03367937356233597, 0.03308643400669098, 0.0328935831785202, 0.032698340713977814, 0.032487742602825165, 0.03230646997690201, 0.032151587307453156, 0.03207061439752579, 0.03202859312295914, 0.03199571371078491, 0.03196657821536064, 0.031941115856170654, 0.03191147744655609, 0.031892187893390656, 0.03187847137451172, 0.03186667710542679, 0.03184586763381958, 0.031811777502298355, 0.031795211136341095, 0.031782861799001694, 0.031773656606674194, 0.031749386340379715, 0.03173805773258209, 0.03172807767987251, 0.03171014040708542, 0.03169340267777443, 0.03169313073158264, 0.03168493136763573, 0.03166890889406204, 0.03166210278868675, 0.031653840094804764, 0.03164581209421158, 0.031642425805330276, 0.03163604438304901, 0.03162866085767746, 0.031624164432287216], "val_mean_squared_error": [0.053979068994522095, 0.046147312968969345, 0.04182243347167969, 0.041037146002054214, 0.04114002361893654, 0.040860723704099655, 0.04060174524784088, 0.03998672962188721, 0.03998266160488129, 0.040157295763492584, 0.040328431874513626, 0.0413348451256752, 0.0405987985432148, 0.04044586792588234, 0.04043939709663391, 0.0408332459628582, 0.04227520152926445, 0.04139450937509537, 0.04053790494799614, 0.04087582975625992, 0.04046036675572395, 0.04294406250119209, 0.038905274122953415, 0.03798874095082283, 0.037752095609903336, 0.03777690976858139, 0.03783531114459038, 0.037873879075050354, 0.037933964282274246, 0.0377495251595974, 0.03767603635787964, 0.037622787058353424, 0.03763561695814133, 0.03744899109005928, 0.03758563473820686, 0.037424132227897644, 0.03756202757358551, 0.03738996386528015, 0.03719889745116234, 0.037125539034605026, 0.037088166922330856, 0.03705007955431938, 0.037046030163764954, 0.037050142884254456, 0.03705755993723869, 0.03705229610204697, 0.03702561929821968, 0.03700929507613182, 0.03699362277984619, 0.03698362037539482, 0.03697579726576805, 0.03696642816066742, 0.036958761513233185, 0.036954302340745926, 0.03694946691393852, 0.036945413798093796, 0.036940354853868484, 0.036938413977622986, 0.03693882375955582, 0.03693986311554909, 0.036938056349754333, 0.036930546164512634, 0.03692988306283951, 0.03692982345819473, 0.036931056529283524, 0.036926887929439545, 0.03692730888724327, 0.036927949637174606, 0.03692520782351494, 0.03692357614636421, 0.036926623433828354, 0.03692779690027237, 0.03692670166492462, 0.0369277149438858, 0.036928724497556686, 0.036929380148649216, 0.03693164512515068, 0.03693172335624695, 0.03693186119198799, 0.03693360462784767], "val_cosine_proximity": [-0.16712278127670288, -0.29658234119415283, -0.34317755699157715, -0.34942883253097534, -0.35609930753707886, -0.37392476201057434, -0.3829404413700104, -0.3810387849807739, -0.3861658573150635, -0.38293471932411194, -0.381475567817688, -0.36505383253097534, -0.3775438666343689, -0.37494492530822754, -0.3774855136871338, -0.36763817071914673, -0.3505833148956299, -0.35751447081565857, -0.37688544392585754, -0.3622506260871887, -0.38068458437919617, -0.339668869972229, -0.40500107407569885, -0.42961838841438293, -0.43823790550231934, -0.4418199062347412, -0.44395962357521057, -0.44570571184158325, -0.4414134919643402, -0.44795510172843933, -0.44893333315849304, -0.44883376359939575, -0.4479239583015442, -0.453694224357605, -0.4492172300815582, -0.45350906252861023, -0.4493038058280945, -0.4548596441745758, -0.46086907386779785, -0.4632325768470764, -0.4647136628627777, -0.465889573097229, -0.46631401777267456, -0.46613478660583496, -0.4661092460155487, -0.4661864936351776, -0.466958224773407, -0.4673968553543091, -0.4677775204181671, -0.46800097823143005, -0.4681735336780548, -0.468369722366333, -0.46852347254753113, -0.4686594009399414, -0.468761682510376, -0.4688386619091034, -0.46895331144332886, -0.4689948558807373, -0.46900635957717896, -0.46900704503059387, -0.46907058358192444, -0.46921098232269287, -0.46924906969070435, -0.46925002336502075, -0.4692353904247284, -0.46932289004325867, -0.4693247079849243, -0.46931689977645874, -0.4693566560745239, -0.46939703822135925, -0.46932029724121094, -0.4693087041378021, -0.46935150027275085, -0.4693257808685303, -0.46931755542755127, -0.4693000912666321, -0.46925705671310425, -0.46922236680984497, -0.4691993296146393, -0.46916496753692627], "val_mean_absolute_error": [0.17854031920433044, 0.16458576917648315, 0.15645231306552887, 0.15500064194202423, 0.15610022842884064, 0.15558283030986786, 0.1549454629421234, 0.15417084097862244, 0.1540999859571457, 0.15429101884365082, 0.15484289824962616, 0.15680672228336334, 0.15551473200321198, 0.15507672727108002, 0.15531674027442932, 0.15551218390464783, 0.15830861032009125, 0.15630164742469788, 0.15497234463691711, 0.15548688173294067, 0.15487796068191528, 0.16062049567699432, 0.15175741910934448, 0.14952777326107025, 0.1488855481147766, 0.14878325164318085, 0.14870937168598175, 0.1488160341978073, 0.1490180343389511, 0.1485697329044342, 0.14853428304195404, 0.14843910932540894, 0.1484558880329132, 0.14814333617687225, 0.14844922721385956, 0.14810407161712646, 0.14839471876621246, 0.14802849292755127, 0.1476537138223648, 0.1475307047367096, 0.14745159447193146, 0.1473744958639145, 0.14737914502620697, 0.1474016308784485, 0.14741751551628113, 0.14740312099456787, 0.1473560780286789, 0.14732490479946136, 0.1472979485988617, 0.14728346467018127, 0.1472727209329605, 0.14725583791732788, 0.14724254608154297, 0.14723408222198486, 0.14722515642642975, 0.14721786975860596, 0.1472107470035553, 0.1472068876028061, 0.147207111120224, 0.14720773696899414, 0.14720480144023895, 0.14719580113887787, 0.14719520509243011, 0.14719444513320923, 0.1471967250108719, 0.14719155430793762, 0.1471923291683197, 0.14719320833683014, 0.14719001948833466, 0.14718693494796753, 0.14719147980213165, 0.14719383418560028, 0.14719273149967194, 0.14719456434249878, 0.14719492197036743, 0.14719673991203308, 0.14720019698143005, 0.14720022678375244, 0.14719955623149872, 0.14720146358013153],