{"val_loss": [5.186142921447754, 4.125864028930664, 3.251253843307495, 2.5985195636749268, 2.189682960510254, 2.0084547996520996, 1.991426944732666, 2.0137853622436523, 1.9894704818725586, 1.9012537002563477, 1.7712335586547852, 1.6374810934066772, 1.5482120513916016, 1.5212360620498657, 1.520402193069458, 1.4957890510559082, 1.440572738647461, 1.3879835605621338, 1.3684017658233643, 1.3626760244369507, 1.3422504663467407, 1.3140640258789062, 1.3014646768569946, 1.2935765981674194, 1.2774763107299805, 1.2656073570251465, 1.2599819898605347, 1.2506320476531982, 1.2426905632019043, 1.236420750617981, 1.230834722518921, 1.2262452840805054, 1.2216148376464844, 1.2173911333084106, 1.2133593559265137, 1.2095519304275513, 1.2067081928253174, 1.2036035060882568, 1.202012062072754, 1.199102520942688], "val_mean_squared_error": [1.103647232055664, 1.0932552814483643, 1.086624264717102, 1.08319890499115, 1.0835535526275635, 1.0845357179641724, 1.0866550207138062, 1.0868415832519531, 1.0845248699188232, 1.081762433052063, 1.0806946754455566, 1.0800378322601318, 1.0809324979782104, 1.0829079151153564, 1.0852491855621338, 1.0868844985961914, 1.086809754371643, 1.087063193321228, 1.0872902870178223, 1.0868070125579834, 1.0859323740005493, 1.0859922170639038, 1.0873148441314697, 1.0881115198135376, 1.088357925415039, 1.0882530212402344, 1.088966727256775, 1.0889465808868408, 1.088822603225708, 1.0885355472564697, 1.0873987674713135, 1.08724844455719, 1.087980031967163, 1.0875914096832275, 1.0869077444076538, 1.0865589380264282, 1.0870821475982666, 1.0864441394805908, 1.086103916168213, 1.086632490158081], "val_cosine_proximity": [-0.015801817178726196, -0.023763928562402725, -0.03558408096432686, -0.045265793800354004, -0.043872591108083725, -0.04126466065645218, -0.03409378230571747, -0.034947123378515244, -0.04490402340888977, -0.05671956017613411, -0.060955531895160675, -0.0633249282836914, -0.0603666827082634, -0.05354965478181839, -0.044937532395124435, -0.03776372969150543, -0.037602733820676804, -0.03593774512410164, -0.03493838384747505, -0.037285543978214264, -0.040754593908786774, -0.040034811943769455, -0.034341804683208466, -0.0305899940431118, -0.02939940057694912, -0.02921571396291256, -0.02552887797355652, -0.024976588785648346, -0.025256413966417313, -0.025897864252328873, -0.031023714691400528, -0.03100571408867836, -0.026956254616379738, -0.028498953208327293, -0.031317684799432755, -0.03243902325630188, -0.029587075114250183, -0.032394517213106155, -0.03376662731170654, -0.030413668602705002], "val_mean_absolute_error": [0.8312207460403442, 0.8270115852355957, 0.8243239521980286, 0.8230072259902954, 0.8230440020561218, 0.8234958648681641, 0.824367880821228, 0.8243940472602844, 0.8234407305717468, 0.8223173022270203, 0.8219093084335327, 0.8216813206672668, 0.8220634460449219, 0.8228367567062378, 0.8237345814704895, 0.8243993520736694, 0.8243967890739441, 0.8245565295219421, 0.8246362805366516, 0.8243491053581238, 0.8239558339118958, 0.8240326046943665, 0.824602484703064, 0.8249588012695312, 0.8250337839126587, 0.8249651789665222, 0.8252439498901367, 0.8252321481704712, 0.8251733779907227, 0.8250430822372437, 0.8246637582778931, 0.8245970010757446, 0.8248289823532104, 0.8247116208076477, 0.8244598507881165, 0.8242893218994141, 0.8244913220405579, 0.8242154121398926, 0.8240768313407898, 0.8242977261543274], "loss": [5.936854600906372, 4.843735218048096, 3.819167733192444, 2.993833899497986, 2.4007214307785034, 2.05215185880661, 1.9187363982200623, 1.9199453592300415, 1.9347060918807983, 1.895671010017395, 1.7963998913764954, 1.66277015209198, 1.5353899598121643, 1.4641714096069336, 1.4445193409919739, 1.4398202896118164, 1.4040979743003845, 1.3481061458587646, 1.301742434501648, 1.288360595703125, 1.2791717052459717, 1.2544483542442322, 1.2291164994239807, 1.2193599343299866, 1.2089107036590576, 1.1920214891433716, 1.1824979186058044, 1.174014151096344, 1.1651634573936462, 1.1583510637283325, 1.151586890220642, 1.1464111804962158, 1.1428874135017395, 1.1347872614860535, 1.1316759586334229, 1.1271089315414429, 1.1241832375526428, 1.1200772523880005, 1.117550253868103, 1.1157418489456177], "mean_squared_error": [1.0523428320884705, 1.03227299451828, 1.0153420269489288, 1.0055530667304993, 1.0019998252391815, 1.0038017928600311, 1.004890501499176, 1.0073171854019165, 1.0074659585952759, 1.0061545968055725, 1.0048238635063171, 1.0039129853248596, 1.0022577047348022, 1.0047429203987122, 1.0048578083515167, 1.006862759590149, 1.0065138041973114, 1.0072229504585266, 1.0063952207565308, 1.0067292153835297, 1.005743384361267, 1.004555106163025, 1.0046401917934418, 1.0059286952018738, 1.0063755512237549, 1.0056686103343964, 1.005993902683258, 1.0049555897712708, 1.0053569972515106, 1.005541980266571, 1.0049367547035217, 1.00356125831604, 1.0044999718666077, 1.0027843713760376, 1.0027028322219849, 1.0018311738967896, 1.0021574199199677, 1.0018315017223358, 1.001236468553543, 1.00132355093956], "cosine_proximity": [0.0010823927004821599, -0.0037540565244853497, -0.018250085413455963, -0.03373744525015354, -0.04360734485089779, -0.033853963017463684, -0.028738830238580704, -0.020131679251790047, -0.01995367743074894, -0.024862920865416527, -0.0317054633051157, -0.03418084233999252, -0.04159899614751339, -0.033481995575129986, -0.03363720793277025, -0.022965149953961372, -0.02326792385429144, -0.02108245436102152, -0.022282786667346954, -0.02224685624241829, -0.027348598465323448, -0.031103371642529964, -0.029958758503198624, -0.02435240149497986, -0.022504599299281836, -0.02434410061687231, -0.022738908417522907, -0.025353265926241875, -0.024118353612720966, -0.024147359654307365, -0.026153664104640484, -0.03193291649222374, -0.02676444035023451, -0.03300144337117672, -0.03439796157181263, -0.037262603640556335, -0.0351138561964035, -0.0385244395583868, -0.04046347737312317, -0.03978227265179157], "mean_absolute_error": [0.8107778429985046, 0.8025764226913452, 0.7956648170948029, 0.7918262481689453, 0.7903245091438293, 0.7910493910312653, 0.7916673421859741, 0.7926515936851501, 0.7927015423774719, 0.7921589612960815, 0.7912765741348267, 0.7909755408763885, 0.7903614938259125, 0.7912552058696747, 0.7914543151855469, 0.7924919128417969, 0.7923268377780914, 0.7924833297729492, 0.7923154234886169, 0.792335569858551, 0.7918105125427246, 0.7914068102836609, 0.7915163338184357, 0.7919676899909973, 0.7921223044395447, 0.7918859720230103, 0.7919864654541016, 0.7916986048221588, 0.7917394936084747, 0.7917005717754364, 0.7914720475673676, 0.7909642159938812, 0.7913190424442291, 0.7907440662384033, 0.7906346619129181, 0.7903082370758057, 0.7904474437236786, 0.7900344729423523, 0.7898314893245697, 0.7898370027542114]}