{"val_loss": [1.4491223096847534, 0.3528706431388855, 0.18610608577728271, 0.15806329250335693, 0.14140790700912476, 0.1328027844429016, 0.12651050090789795, 0.11896003037691116, 0.11383237689733505, 0.11328542977571487, 0.10664714872837067, 0.10584033280611038, 0.10216251015663147, 0.09803931415081024, 0.09372418373823166, 0.09316883236169815, 0.0889364704489708, 0.0887623205780983, 0.08384648710489273, 0.0823468491435051, 0.08506379276514053, 0.07866533100605011, 0.07210727035999298, 0.07082561403512955, 0.07229775935411453, 0.07130911946296692, 0.07171234488487244, 0.07149043679237366, 0.07177574932575226, 0.0714162066578865, 0.07235264778137207, 0.07311098277568817, 0.07246262580156326, 0.07388924062252045, 0.07209094613790512, 0.07094117999076843, 0.0694875419139862, 0.07056796550750732, 0.07120105624198914, 0.07164613902568817, 0.07143013179302216, 0.07161855697631836, 0.07190028578042984, 0.07256986200809479, 0.0728108286857605, 0.07288888096809387, 0.07302912324666977, 0.07305033504962921, 0.07307609915733337, 0.07306632399559021, 0.07308690994977951, 0.07313348352909088, 0.07314897328615189, 0.07317608594894409, 0.07320249825716019, 0.07322048395872116, 0.07323406636714935, 0.07324183732271194, 0.0732601135969162, 0.07327741384506226, 0.07327298820018768, 0.07326806336641312, 0.07325732707977295, 0.07325529307126999, 0.07325504720211029, 0.07325884699821472, 0.07325015962123871, 0.07325956970453262, 0.07326270639896393, 0.07326754927635193, 0.07326485216617584, 0.0732802003622055, 0.07329341024160385, 0.07329130917787552, 0.07329218089580536, 0.0732802301645279, 0.07326965779066086, 0.07328329980373383, 0.07329227030277252, 0.07329113781452179], "val_mean_squared_error": [0.18435119092464447, 0.19491933286190033, 0.2060786485671997, 0.2242884635925293, 0.20843380689620972, 0.20120030641555786, 0.1990703046321869, 0.1943046897649765, 0.1934414654970169, 0.2002233862876892, 0.19270208477973938, 0.1996082365512848, 0.19527171552181244, 0.19309024512767792, 0.19064508378505707, 0.19492240250110626, 0.18940654397010803, 0.19276385009288788, 0.18750709295272827, 0.18720199167728424, 0.19741962850093842, 0.18785898387432098, 0.1898917406797409, 0.19169971346855164, 0.19640636444091797, 0.19557809829711914, 0.19735532999038696, 0.19784390926361084, 0.19952240586280823, 0.1993664801120758, 0.20159749686717987, 0.20407256484031677, 0.20360863208770752, 0.20690535008907318, 0.20354732871055603, 0.20117051899433136, 0.19889000058174133, 0.20287902653217316, 0.2046765834093094, 0.20602422952651978, 0.2059696763753891, 0.20658893883228302, 0.20745326578617096, 0.20912018418312073, 0.20982198417186737, 0.21014493703842163, 0.21053966879844666, 0.21072149276733398, 0.21086306869983673, 0.2108995020389557, 0.21099568903446198, 0.2111337035894394, 0.2111925631761551, 0.21127530932426453, 0.21135812997817993, 0.2114136815071106, 0.21145425736904144, 0.2114810347557068, 0.2115383893251419, 0.2115883082151413, 0.2115786224603653, 0.2115674763917923, 0.21153922379016876, 0.21153496205806732, 0.21153567731380463, 0.21154837310314178, 0.21152469515800476, 0.21155792474746704, 0.21156921982765198, 0.2115851640701294, 0.21158047020435333, 0.21162453293800354, 0.2116631269454956, 0.21165971457958221, 0.21166366338729858, 0.21163243055343628, 0.2116040587425232, 0.21164484322071075, 0.21167142689228058, 0.2116716206073761], "val_cosine_proximity": [-0.08353809267282486, -0.1445334106683731, -0.10650947690010071, -0.09303981810808182, -0.09094671905040741, -0.08922633528709412, -0.08544698357582092, -0.08816275745630264, -0.08381960541009903, -0.08692314475774765, -0.08344926685094833, -0.085672527551651, -0.08486144244670868, -0.08292784541845322, -0.08293977379798889, -0.08419397473335266, -0.08142580091953278, -0.08302655816078186, -0.0814041718840599, -0.08146820217370987, -0.0817229300737381, -0.08304045349359512, -0.08070817589759827, -0.08154528588056564, -0.08335351198911667, -0.08224891871213913, -0.08316734433174133, -0.08292894065380096, -0.0833425521850586, -0.08347539603710175, -0.08416683971881866, -0.08439506590366364, -0.08432464301586151, -0.08601286262273788, -0.08432061970233917, -0.0845121443271637, -0.08299518376588821, -0.08400770276784897, -0.08448947966098785, -0.08481813222169876, -0.08478426933288574, -0.08482308685779572, -0.08499015867710114, -0.08523093909025192, -0.08527196943759918, -0.08528947085142136, -0.08523792028427124, -0.0852397158741951, -0.08525143563747406, -0.08527962863445282, -0.08529506623744965, -0.0853177160024643, -0.08532045036554337, -0.08533094078302383, -0.08534141629934311, -0.08534975349903107, -0.08535674214363098, -0.08535930514335632, -0.08536458015441895, -0.08537163585424423, -0.08537299185991287, -0.0853719711303711, -0.08536723256111145, -0.08537106215953827, -0.08537141978740692, -0.08537326753139496, -0.08537346124649048, -0.08537773787975311, -0.0853772908449173, -0.08537718653678894, -0.08537725359201431, -0.08538474142551422, -0.08538862317800522, -0.08538921177387238, -0.08538997918367386, -0.08538892865180969, -0.08538616448640823, -0.08539131283760071, -0.08539491891860962, -0.08539608120918274], "val_mean_absolute_error": [0.33393898606300354, 0.34736526012420654, 0.35760653018951416, 0.3747904896736145, 0.35734492540359497, 0.35142776370048523, 0.34832870960235596, 0.3424024283885956, 0.3420771360397339, 0.3482661545276642, 0.341057687997818, 0.34787359833717346, 0.3442945182323456, 0.3428283929824829, 0.3388429880142212, 0.34275856614112854, 0.33739912509918213, 0.3398355543613434, 0.3358767628669739, 0.33554184436798096, 0.3461700677871704, 0.336628258228302, 0.33847227692604065, 0.3399081826210022, 0.3446982502937317, 0.34432315826416016, 0.34633132815361023, 0.34653469920158386, 0.34850966930389404, 0.3483225107192993, 0.35067465901374817, 0.35295578837394714, 0.35267800092697144, 0.35570621490478516, 0.3527635633945465, 0.3500067889690399, 0.347776859998703, 0.3518601357936859, 0.35389748215675354, 0.35528746247291565, 0.355196088552475, 0.35590222477912903, 0.35674431920051575, 0.35835692286491394, 0.35906749963760376, 0.35940179228782654, 0.3598569929599762, 0.3600582182407379, 0.36020752787590027, 0.36024361848831177, 0.36033329367637634, 0.360474556684494, 0.3605334162712097, 0.36061781644821167, 0.36070331931114197, 0.36075863242149353, 0.36080020666122437, 0.3608272969722748, 0.36088618636131287, 0.36093729734420776, 0.3609289228916168, 0.3609180748462677, 0.36088865995407104, 0.3608839511871338, 0.36088237166404724, 0.3608958125114441, 0.36087146401405334, 0.36090293526649475, 0.3609146773815155, 0.3609310984611511, 0.36092445254325867, 0.36096930503845215, 0.3610075116157532, 0.36100468039512634, 0.36100879311561584, 0.3609771430492401, 0.3609497547149658, 0.3609921336174011, 0.36101973056793213, 0.36101990938186646],