{"val_loss": [2.472888708114624, 2.093621015548706, 1.6795347929000854, 1.5474320650100708, 1.4652698040008545, 1.424163579940796, 1.396820306777954, 1.3844975233078003, 1.3840007781982422, 1.3703131675720215, 1.3685061931610107, 1.367163062095642, 1.3650014400482178, 1.374538779258728, 1.3735164403915405, 1.3726860284805298, 1.3708882331848145, 1.366512656211853, 1.3666198253631592, 1.359773874282837, 1.3518121242523193, 1.3520828485488892, 1.3456288576126099, 1.3503021001815796, 1.349913477897644, 1.3512730598449707, 1.2076390981674194, 1.1639647483825684, 1.1419363021850586, 1.1339770555496216, 1.1291390657424927, 1.1254549026489258, 1.1261957883834839, 1.1243361234664917, 1.124169945716858, 1.1225666999816895, 1.1227457523345947, 1.1232460737228394, 1.1214087009429932, 1.1220260858535767, 1.1216821670532227, 1.1211196184158325, 1.1226285696029663, 1.1210894584655762, 1.1217659711837769, 1.1220207214355469, 1.109281063079834, 1.104129672050476, 1.1015797853469849, 1.1002551317214966, 1.0994950532913208, 1.0992039442062378, 1.0989151000976562, 1.0988645553588867, 1.0987893342971802, 1.098679780960083, 1.0986769199371338, 1.0985338687896729, 1.098386287689209, 1.0984320640563965, 1.0983452796936035, 1.0982775688171387, 1.098268985748291, 1.0981966257095337, 1.0982472896575928, 1.0982129573822021, 1.0970180034637451, 1.0964601039886475, 1.0962209701538086, 1.0960865020751953, 1.0960047245025635, 1.0959855318069458, 1.0959384441375732, 1.095927119255066, 1.0959080457687378, 1.0958951711654663, 1.0958999395370483, 1.095882534980774, 1.0958813428878784, 1.095824956893921, 1.0958271026611328, 1.095832109451294, 1.095815658569336, 1.0958068370819092, 1.0958168506622314, 1.095822811126709, 1.09584379196167, 1.0958541631698608, 1.0958154201507568, 1.0957951545715332, 1.095775842666626, 1.095767855644226, 1.0957567691802979, 1.0957697629928589, 1.095779538154602, 1.0957757234573364, 1.0958082675933838, 1.0957509279251099, 1.0957461595535278, 1.0957483053207397], "val_mean_squared_error": [1.084686517715454, 1.08700692653656, 1.090113878250122, 1.0958706140518188, 1.0920079946517944, 1.0928186178207397, 1.0909490585327148, 1.093030333518982, 1.092758059501648, 1.0916551351547241, 1.0888036489486694, 1.0913300514221191, 1.0906002521514893, 1.0885493755340576, 1.0881751775741577, 1.0893901586532593, 1.0886704921722412, 1.0846940279006958, 1.08357834815979, 1.0818490982055664, 1.0831482410430908, 1.0775938034057617, 1.0730066299438477, 1.0757335424423218, 1.0741829872131348, 1.0718882083892822, 1.0717681646347046, 1.0758323669433594, 1.0787253379821777, 1.0805184841156006, 1.0820553302764893, 1.0809166431427002, 1.082226037979126, 1.081473469734192, 1.082382082939148, 1.0815942287445068, 1.0814863443374634, 1.082005262374878, 1.0813465118408203, 1.081613540649414, 1.080772042274475, 1.0809911489486694, 1.080862283706665, 1.080233097076416, 1.08168625831604, 1.0813151597976685, 1.0813112258911133, 1.0815699100494385, 1.0818276405334473, 1.0821068286895752, 1.0822525024414062, 1.082317590713501, 1.0824233293533325, 1.082503080368042, 1.0826518535614014, 1.0826162099838257, 1.0827974081039429, 1.082675576210022, 1.0826252698898315, 1.082723617553711, 1.08280611038208, 1.0827224254608154, 1.0827491283416748, 1.0827815532684326, 1.0828202962875366, 1.0828421115875244, 1.08283269405365, 1.0828430652618408, 1.082885980606079, 1.0829235315322876, 1.0829298496246338, 1.0829544067382812, 1.0829473733901978, 1.0829582214355469, 1.0829463005065918, 1.0829614400863647, 1.082975149154663, 1.0829626321792603, 1.082972764968872, 1.082944631576538, 1.0829598903656006, 1.0829699039459229, 1.0829670429229736, 1.0829639434814453, 1.0829780101776123, 1.082977533340454, 1.083000898361206, 1.083013892173767, 1.0829908847808838, 1.082991600036621, 1.0829687118530273, 1.0829596519470215, 1.0829626321792603, 1.0829808712005615, 1.0829970836639404, 1.082991600036621, 1.083020806312561, 1.082991600036621, 1.0829967260360718, 1.0829925537109375], "val_cosine_proximity": [-0.04498346894979477, -0.0400417260825634, -0.027905160561203957, -0.006074889563024044, -0.02301086112856865, -0.017150666564702988, -0.02482188679277897, -0.015460832044482231, -0.013490045443177223, -0.01791478507220745, -0.027980025857686996, -0.01612124592065811, -0.01823258027434349, -0.02579588070511818, -0.02660302445292473, -0.01981344446539879, -0.021096229553222656, -0.04048451781272888, -0.04499170929193497, -0.05156828835606575, -0.0455164909362793, -0.07041089236736298, -0.08872625976800919, -0.07728047668933868, -0.08117778599262238, -0.09099806845188141, -0.0941728800535202, -0.07744880020618439, -0.0640621930360794, -0.054591286927461624, -0.047150030732154846, -0.05312304571270943, -0.04607017710804939, -0.05020279809832573, -0.045164525508880615, -0.04931061342358589, -0.04993079975247383, -0.04717973992228508, -0.05106916278600693, -0.04919961467385292, -0.053614724427461624, -0.05260879546403885, -0.052815087139606476, -0.05600464344024658, -0.04852188378572464, -0.05042044073343277, -0.050393033772706985, -0.048917196691036224, -0.047401465475559235, -0.04582003504037857, -0.0450252927839756, -0.04463021829724312, -0.044040925800800323, -0.043584659695625305, -0.04277459904551506, -0.04299172759056091, -0.04199040308594704, -0.042595960199832916, -0.0428440198302269, -0.04229183867573738, -0.041865184903144836, -0.04228183999657631, -0.042123742401599884, -0.04194563627243042, -0.04173387587070465, -0.041633524000644684, -0.0416753850877285, -0.041601456701755524, -0.04136926680803299, -0.04116334766149521, -0.04111693426966667, -0.040981877595186234, -0.04101919010281563, -0.04095454141497612, -0.04101737588644028, -0.040931154042482376, -0.04085593670606613, -0.040920548141002655, -0.04085718095302582, -0.04100179299712181, -0.04092327132821083, -0.04086904972791672, -0.040880851447582245, -0.040894631296396255, -0.04081665724515915, -0.04081486910581589, -0.040689077228307724, -0.040618646889925, -0.040733702480793, -0.040726859122514725, -0.04083981364965439, -0.040888555347919464, -0.040871474891901016, -0.04077378287911415, -0.04069100692868233, -0.040720921009778976, -0.04056762158870697, -0.04071490839123726, -0.04068583622574806, -0.04070673882961273],