{"val_loss": [1.1662710905075073, 0.7810083627700806, 0.4684090316295624, 0.32104817032814026, 0.2751307189464569, 0.2608190178871155, 0.25426754355430603, 0.24780957400798798, 0.2446053922176361, 0.24053463339805603, 0.23823164403438568, 0.24232685565948486, 0.24038387835025787, 0.23697742819786072, 0.23917663097381592, 0.2424437552690506, 0.2388639897108078, 0.23826363682746887, 0.2428911328315735, 0.24131935834884644, 0.29806795716285706, 0.26671314239501953, 0.23237355053424835, 0.20305682718753815, 0.17828969657421112, 0.15794630348682404, 0.143952876329422, 0.13126450777053833, 0.12254051864147186, 0.1163145899772644, 0.1105656549334526, 0.106993667781353, 0.10424788296222687, 0.10170229524374008, 0.1004500538110733, 0.10128138959407806, 0.09986748546361923, 0.09789126366376877, 0.09597595781087875, 0.094321109354496, 0.0928417518734932, 0.09152746200561523, 0.09041474759578705, 0.08937754482030869, 0.0883791372179985, 0.08803994953632355, 0.08784876018762589, 0.08767624199390411, 0.08749321103096008, 0.08733180910348892, 0.08724405616521835, 0.0872172862291336, 0.08717787265777588, 0.08715133368968964, 0.08712991327047348, 0.08709719032049179, 0.08706469088792801, 0.08704293519258499, 0.08701158314943314, 0.08699600398540497, 0.08697359263896942, 0.08696126192808151, 0.08695320039987564, 0.08696074038743973, 0.08694017678499222, 0.0869300588965416, 0.08690546452999115, 0.0868857279419899, 0.08688297122716904, 0.08686936646699905, 0.08686960488557816, 0.08685975521802902, 0.0868270993232727, 0.08681707829236984, 0.08679190278053284, 0.08679057657718658, 0.08678198605775833, 0.08677716553211212, 0.0867779329419136, 0.08675700426101685], "val_mean_squared_error": [0.0937342420220375, 0.08472884446382523, 0.0789896547794342, 0.07610335946083069, 0.0740213617682457, 0.0743509829044342, 0.07444576174020767, 0.07408790290355682, 0.07386571168899536, 0.07360904663801193, 0.07291404902935028, 0.07503887265920639, 0.07455229014158249, 0.07315060496330261, 0.07489176094532013, 0.0756334513425827, 0.07303214818239212, 0.07250960171222687, 0.0745019018650055, 0.07278610020875931, 0.07991966605186462, 0.07326771318912506, 0.07100663334131241, 0.07024198770523071, 0.06951382011175156, 0.06912916153669357, 0.06939387321472168, 0.06887402385473251, 0.06865085661411285, 0.06875699758529663, 0.06825647503137589, 0.06821820884943008, 0.06807181984186172, 0.06788299232721329, 0.06788336485624313, 0.0674465000629425, 0.0673125758767128, 0.06726609170436859, 0.06723426282405853, 0.06725474447011948, 0.06726814061403275, 0.0672948807477951, 0.06733039021492004, 0.06735458225011826, 0.06735432147979736, 0.06735258549451828, 0.0673300251364708, 0.06731641292572021, 0.06729428470134735, 0.0672788918018341, 0.06726378202438354, 0.0672588050365448, 0.06724600493907928, 0.067239910364151, 0.0672355443239212, 0.0672253891825676, 0.06721558421850204, 0.06721095740795135, 0.06720049679279327, 0.06719910353422165, 0.06719405949115753, 0.0671953409910202, 0.06719798594713211, 0.06720943748950958, 0.06720539182424545, 0.0672072097659111, 0.06720016896724701, 0.06719489395618439, 0.06720133870840073, 0.06720143556594849, 0.06720911711454391, 0.06721045821905136, 0.06719963252544403, 0.06720095872879028, 0.06719382107257843, 0.06720014661550522, 0.06720204651355743, 0.06720548868179321, 0.06721275299787521, 0.06720846146345139], "val_cosine_proximity": [-0.2353339046239853, -0.3378131091594696, -0.37525275349617004, -0.3891083896160126, -0.41529983282089233, -0.41765129566192627, -0.4263601005077362, -0.4344838261604309, -0.4291677176952362, -0.4312422275543213, -0.4375160336494446, -0.41308608651161194, -0.42531663179397583, -0.43151721358299255, -0.4212591052055359, -0.4188297986984253, -0.4376846253871918, -0.44457927346229553, -0.4276863932609558, -0.44022414088249207, -0.3895740509033203, -0.44017210602760315, -0.462850958108902, -0.4709959030151367, -0.478851318359375, -0.4841902554035187, -0.48102083802223206, -0.4875289797782898, -0.48878195881843567, -0.4875108301639557, -0.4925236999988556, -0.49264007806777954, -0.49234679341316223, -0.49542567133903503, -0.49544066190719604, -0.5015699863433838, -0.5028390884399414, -0.5030884146690369, -0.5032853484153748, -0.5029023885726929, -0.5026452541351318, -0.502275824546814, -0.5017211437225342, -0.5013656616210938, -0.5014045238494873, -0.501262366771698, -0.5013693571090698, -0.5014920830726624, -0.501695990562439, -0.5018019676208496, -0.501940131187439, -0.5019572973251343, -0.5020731091499329, -0.5021357536315918, -0.5021708011627197, -0.5022628903388977, -0.5023568272590637, -0.5023919939994812, -0.5024693012237549, -0.5024755001068115, -0.5025138258934021, -0.5025163292884827, -0.5024901628494263, -0.5023940205574036, -0.5024304986000061, -0.502419114112854, -0.502463698387146, -0.5024772882461548, -0.5024386048316956, -0.5024437308311462, -0.5023839473724365, -0.5023675560951233, -0.5024594068527222, -0.5024437308311462, -0.502494215965271, -0.502443790435791, -0.5024237036705017, -0.5023825764656067, -0.5023232102394104, -0.5023629665374756], "val_mean_absolute_error": [0.23382779955863953, 0.22318249940872192, 0.21553032100200653, 0.21120944619178772, 0.20899593830108643, 0.2102712094783783, 0.21033231914043427, 0.21034885942935944, 0.20973749458789825, 0.20931831002235413, 0.20794492959976196, 0.21081408858299255, 0.20971429347991943, 0.2082793414592743, 0.21002574265003204, 0.21162879467010498, 0.20770427584648132, 0.20763017237186432, 0.21020133793354034, 0.207168847322464, 0.2185136079788208, 0.20822478830814362, 0.2045293003320694, 0.20323732495307922, 0.20216697454452515, 0.20159661769866943, 0.20193138718605042, 0.20131546258926392, 0.20105493068695068, 0.20115169882774353, 0.200596883893013, 0.20052140951156616, 0.20036545395851135, 0.20015458762645721, 0.20015524327754974, 0.19947469234466553, 0.19931145012378693, 0.1992548704147339, 0.1991933435201645, 0.1992512345314026, 0.1992940902709961, 0.19933781027793884, 0.19939707219600677, 0.19945935904979706, 0.1994616836309433, 0.19946223497390747, 0.19943781197071075, 0.19942086935043335, 0.1993938833475113, 0.19937877357006073, 0.19936059415340424, 0.19935260713100433, 0.19933727383613586, 0.19933098554611206, 0.19932621717453003, 0.1993129551410675, 0.1993020474910736, 0.19929660856723785, 0.19928433001041412, 0.1992836445569992, 0.19927754998207092, 0.1992775797843933, 0.19928252696990967, 0.19929225742816925, 0.1992875337600708, 0.1992907077074051, 0.19928321242332458, 0.19927792251110077, 0.1992845982313156, 0.19928596913814545, 0.1992940902709961, 0.19929590821266174, 0.19928373396396637, 0.1992858350276947, 0.1992775797843933, 0.19928382337093353, 0.19928593933582306, 0.19929157197475433, 0.19930048286914825, 0.19929490983486176],