{"val_loss": [2.150826930999756, 1.9616012573242188, 1.869654655456543, 1.86767578125, 1.919645071029663, 1.9764320850372314, 2.151956558227539, 2.347655773162842, 2.5910582542419434, 2.867699146270752, 3.0380561351776123, 3.2252354621887207, 3.508415699005127, 3.662013053894043, 3.799093246459961, 3.949253559112549, 4.133779048919678, 4.23577880859375, 4.314779758453369, 4.406182289123535, 4.320096015930176, 4.545310974121094, 4.433145046234131, 4.351326942443848, 4.260706901550293, 4.207423210144043, 4.137118816375732, 4.098944187164307, 4.060869216918945, 4.036423206329346, 4.019723892211914, 3.9590044021606445, 3.9486382007598877, 3.911212921142578, 3.87357234954834, 3.8459179401397705, 3.8420066833496094, 3.8531787395477295, 3.862229585647583, 3.869738817214966, 3.8773295879364014, 3.8823657035827637, 3.8847622871398926, 3.884418487548828, 3.8843140602111816, 3.8835649490356445, 3.8848023414611816, 3.887465715408325, 3.8901233673095703, 3.892062187194824, 3.8934738636016846, 3.8947932720184326, 3.8965678215026855, 3.8974838256835938, 3.898770332336426, 3.89898681640625, 3.9001851081848145, 3.900864601135254, 3.9013328552246094, 3.901411533355713, 3.9020192623138428, 3.902615547180176, 3.9028735160827637, 3.9026060104370117, 3.902726411819458, 3.902958869934082, 3.9031083583831787, 3.903214454650879, 3.902799129486084, 3.902489185333252, 3.902442216873169, 3.9027562141418457, 3.9026365280151367, 3.9029881954193115, 3.9030048847198486, 3.9028263092041016, 3.902970552444458, 3.9029250144958496, 3.903067111968994, 3.9035282135009766], "val_mean_squared_error": [1.0411385297775269, 0.997532069683075, 0.9915582537651062, 1.0105814933776855, 1.0278441905975342, 1.0076862573623657, 1.0737946033477783, 1.1417222023010254, 1.2517317533493042, 1.3888012170791626, 1.420690894126892, 1.4720234870910645, 1.6263253688812256, 1.661616563796997, 1.6915621757507324, 1.7461782693862915, 1.8425265550613403, 1.8691296577453613, 1.8850882053375244, 1.9230928421020508, 1.7906405925750732, 1.9424622058868408, 1.839853048324585, 1.7864205837249756, 1.7257565259933472, 1.7010602951049805, 1.6584656238555908, 1.6470332145690918, 1.6342260837554932, 1.6345916986465454, 1.641800045967102, 1.6041309833526611, 1.6162053346633911, 1.6008715629577637, 1.5843157768249512, 1.5772782564163208, 1.5823009014129639, 1.5964490175247192, 1.607828974723816, 1.617652416229248, 1.6276439428329468, 1.6349998712539673, 1.6397536993026733, 1.6418099403381348, 1.6440396308898926, 1.6456037759780884, 1.6478431224822998, 1.6508445739746094, 1.6537485122680664, 1.65592622756958, 1.6575778722763062, 1.6590008735656738, 1.6608058214187622, 1.661741018295288, 1.6630501747131348, 1.663285493850708, 1.6645010709762573, 1.665198802947998, 1.6656895875930786, 1.6657898426055908, 1.666416049003601, 1.667035698890686, 1.6673152446746826, 1.6670721769332886, 1.667222261428833, 1.6674777269363403, 1.667647361755371, 1.6677824258804321, 1.6673964262008667, 1.6671103239059448, 1.667089819908142, 1.6674259901046753, 1.6673271656036377, 1.6676985025405884, 1.6677377223968506, 1.6675792932510376, 1.6677422523498535, 1.667722225189209, 1.6678857803344727, 1.6683710813522339], "val_cosine_proximity": [-0.27931058406829834, -0.333408921957016, -0.3610762357711792, -0.36667007207870483, -0.37192589044570923, -0.37032580375671387, -0.3596222698688507, -0.34282878041267395, -0.3286058306694031, -0.3145788609981537, -0.2989917993545532, -0.2846279442310333, -0.2727471888065338, -0.26192620396614075, -0.2606886923313141, -0.2478819489479065, -0.25412970781326294, -0.23830585181713104, -0.23795418441295624, -0.24759651720523834, -0.24302181601524353, -0.2346157431602478, -0.23964229226112366, -0.2420526146888733, -0.24387359619140625, -0.24580614268779755, -0.25023385882377625, -0.2539891302585602, -0.24945823848247528, -0.251140296459198, -0.25117743015289307, -0.2507513165473938, -0.2506045401096344, -0.25352558493614197, -0.2523987889289856, -0.25134900212287903, -0.25522491335868835, -0.25264793634414673, -0.2512046694755554, -0.2508576810359955, -0.251221626996994, -0.2510332763195038, -0.2510841488838196, -0.25134211778640747, -0.25150689482688904, -0.25154295563697815, -0.251415491104126, -0.2512432336807251, -0.2511608302593231, -0.2511705756187439, -0.25121134519577026, -0.25121986865997314, -0.2511710822582245, -0.2511105239391327, -0.25109949707984924, -0.25105515122413635, -0.25099825859069824, -0.2509516477584839, -0.25094664096832275, -0.25093451142311096, -0.2508781850337982, -0.2508784234523773, -0.2508610486984253, -0.2508739233016968, -0.2509395182132721, -0.25093287229537964, -0.25090309977531433, -0.25095710158348083, -0.25101736187934875, -0.2510262429714203, -0.25105583667755127, -0.25105050206184387, -0.25102338194847107, -0.25098857283592224, -0.2509787380695343, -0.2509501576423645, -0.2509021461009979, -0.2509211301803589, -0.250908762216568, -0.25091633200645447], "val_mean_absolute_error": [0.784373939037323, 0.7773190140724182, 0.7787206768989563, 0.7874134182929993, 0.7949060797691345, 0.7901104688644409, 0.8176174759864807, 0.8422958254814148, 0.8834681510925293, 0.9316868782043457, 0.942880392074585, 0.9607614874839783, 1.0090768337249756, 1.0199748277664185, 1.032149314880371, 1.0452483892440796, 1.0742714405059814, 1.081214427947998, 1.0845943689346313, 1.0963116884231567, 1.0616626739501953, 1.1050047874450684, 1.0757653713226318, 1.0606706142425537, 1.0425337553024292, 1.0346043109893799, 1.0217831134796143, 1.0181065797805786, 1.0142951011657715, 1.0143300294876099, 1.0162839889526367, 1.0046930313110352, 1.0085723400115967, 1.0039292573928833, 0.9986149668693542, 0.9965770840644836, 0.9983943104743958, 1.0028156042099, 1.0063215494155884, 1.0093750953674316, 1.0124621391296387, 1.0147254467010498, 1.0161586999893188, 1.0167583227157593, 1.0173839330673218, 1.0178292989730835, 1.0185134410858154, 1.0194292068481445, 1.0203136205673218, 1.020974040031433, 1.0214793682098389, 1.0219138860702515, 1.0224653482437134, 1.0227481126785278, 1.0231542587280273, 1.0232247114181519, 1.0235865116119385, 1.0237914323806763, 1.0239464044570923, 1.023976445198059, 1.0241601467132568, 1.0243523120880127, 1.0244357585906982, 1.024369716644287, 1.0244150161743164, 1.024485468864441, 1.0245335102081299, 1.0245822668075562, 1.024474024772644, 1.0243891477584839, 1.0243781805038452, 1.0244810581207275, 1.0244510173797607, 1.024559736251831, 1.0245709419250488, 1.024520993232727, 1.024577260017395, 1.0245683193206787, 1.0246167182922363, 1.0247602462768555],