{"val_loss": [1.1251976490020752, 0.7693028450012207, 0.4484926164150238, 0.2738845944404602, 0.22712254524230957, 0.21461811661720276, 0.20596975088119507, 0.20244964957237244, 0.19905531406402588, 0.19487980008125305, 0.19285613298416138, 0.19088366627693176, 0.18798324465751648, 0.1865583211183548, 0.18409153819084167, 0.1828284114599228, 0.18183431029319763, 0.18243403732776642, 0.17929607629776, 0.17853432893753052, 0.17826485633850098, 0.21111904084682465, 0.18560490012168884, 0.15855832397937775, 0.13885493576526642, 0.12666693329811096, 0.12055084109306335, 0.11767058074474335, 0.11592094600200653, 0.11466856300830841, 0.11446128785610199, 0.11371476948261261, 0.11335401237010956, 0.11378341168165207, 0.11290893703699112, 0.11250001192092896, 0.1151045709848404, 0.11343694478273392, 0.11132138967514038, 0.1096097007393837, 0.10847286134958267, 0.10772096365690231, 0.10713813453912735, 0.10681234300136566, 0.1064653992652893, 0.1062936931848526, 0.10643844306468964, 0.10628414899110794, 0.10610595345497131, 0.10596078634262085, 0.10584001988172531, 0.1057894229888916, 0.1057661771774292, 0.10574556887149811, 0.10572507977485657, 0.10570202022790909, 0.1056826114654541, 0.1056760624051094, 0.10567256063222885, 0.10566026717424393, 0.10565800219774246, 0.10564374923706055, 0.10563669353723526, 0.10563451051712036, 0.10562512278556824, 0.10562235862016678, 0.10560989379882812, 0.10560280084609985, 0.10559877753257751, 0.10558726638555527, 0.10558544844388962, 0.1055818498134613, 0.10558099299669266, 0.10557758063077927, 0.10557536780834198, 0.10556338727474213, 0.10555769503116608, 0.10555365681648254, 0.10555262863636017, 0.10554490238428116], "val_mean_squared_error": [0.08655254542827606, 0.07802848517894745, 0.07280273735523224, 0.070989690721035, 0.07069645822048187, 0.07000359892845154, 0.06927711516618729, 0.06945886462926865, 0.07018989324569702, 0.06922592967748642, 0.0702962800860405, 0.07089667022228241, 0.07067252695560455, 0.07112376391887665, 0.07082290947437286, 0.07105796039104462, 0.07138736546039581, 0.07225444912910461, 0.07087153196334839, 0.07133105397224426, 0.07214915007352829, 0.07493887096643448, 0.07011313736438751, 0.06850706785917282, 0.06806754320859909, 0.06755204498767853, 0.06750209629535675, 0.06756863743066788, 0.06726345419883728, 0.0670616403222084, 0.0674331858754158, 0.06713318079710007, 0.06703672558069229, 0.06733350455760956, 0.06700986623764038, 0.06701615452766418, 0.06706719100475311, 0.0668923556804657, 0.06678490340709686, 0.0666862204670906, 0.0666632428765297, 0.06667675822973251, 0.0666513741016388, 0.06667011976242065, 0.06662201136350632, 0.06665897369384766, 0.06666312366724014, 0.0666365996003151, 0.06662151962518692, 0.0666138157248497, 0.06659764051437378, 0.06657472252845764, 0.06656695157289505, 0.06656179577112198, 0.06655492633581161, 0.06654402613639832, 0.06653515994548798, 0.06653784960508347, 0.06654328852891922, 0.06653904169797897, 0.06654491275548935, 0.06653786450624466, 0.06653767824172974, 0.0665423795580864, 0.0665389746427536, 0.0665426030755043, 0.06653633713722229, 0.06653506308794022, 0.06653668731451035, 0.06653081625699997, 0.06653446704149246, 0.06653650850057602, 0.06654065102338791, 0.06654193997383118, 0.06654448807239532, 0.06653709709644318, 0.06653663516044617, 0.06653717905282974, 0.06654013693332672, 0.06653711944818497], "val_cosine_proximity": [-0.20104509592056274, -0.322538286447525, -0.3668407201766968, -0.38104209303855896, -0.38433465361595154, -0.39450928568840027, -0.4034770727157593, -0.40547505021095276, -0.3955274820327759, -0.4045136272907257, -0.392791748046875, -0.3875085115432739, -0.3871989846229553, -0.38220447301864624, -0.3893093168735504, -0.3886532187461853, -0.38295993208885193, -0.375318706035614, -0.3854452073574066, -0.3860197961330414, -0.3771994709968567, -0.35076671838760376, -0.39977118372917175, -0.4194105267524719, -0.4233514666557312, -0.42873162031173706, -0.4303473234176636, -0.42935508489608765, -0.43265002965927124, -0.4351448118686676, -0.43125075101852417, -0.43457934260368347, -0.4364885687828064, -0.43413907289505005, -0.4365953207015991, -0.43672916293144226, -0.43624886870384216, -0.43830230832099915, -0.43946120142936707, -0.44037002325057983, -0.44044795632362366, -0.44021666049957275, -0.440268337726593, -0.4400891959667206, -0.4404182434082031, -0.43992018699645996, -0.43995583057403564, -0.44024693965911865, -0.44041261076927185, -0.4404679238796234, -0.4406066834926605, -0.440804660320282, -0.4408915042877197, -0.4409444332122803, -0.44101372361183167, -0.4411201477050781, -0.4412172734737396, -0.44119659066200256, -0.4411618709564209, -0.44120466709136963, -0.44116631150245667, -0.441217303276062, -0.44122740626335144, -0.441196471452713, -0.44122618436813354, -0.4411930739879608, -0.44124752283096313, -0.44124695658683777, -0.4412335157394409, -0.44126927852630615, -0.44122833013534546, -0.4411988854408264, -0.44116881489753723, -0.4411511719226837, -0.44113844633102417, -0.4412047863006592, -0.4412130117416382, -0.44121211767196655, -0.4411972761154175, -0.44121479988098145], "val_mean_absolute_error": [0.22369083762168884, 0.21334075927734375, 0.20614628493785858, 0.20379890501499176, 0.20367443561553955, 0.2026762217283249, 0.20136421918869019, 0.2019267976284027, 0.20269134640693665, 0.20160095393657684, 0.2028333842754364, 0.20313765108585358, 0.20265144109725952, 0.2036139816045761, 0.20358678698539734, 0.20345014333724976, 0.2037946581840515, 0.20571686327457428, 0.20375923812389374, 0.20424269139766693, 0.20561157166957855, 0.20965582132339478, 0.20219802856445312, 0.19995708763599396, 0.1992734968662262, 0.19865326583385468, 0.19854851067066193, 0.19866205751895905, 0.19834987819194794, 0.19797983765602112, 0.19861486554145813, 0.19808116555213928, 0.19811385869979858, 0.19862022995948792, 0.19796711206436157, 0.19811877608299255, 0.19823096692562103, 0.1979740858078003, 0.1978118121623993, 0.19768400490283966, 0.19767020642757416, 0.19769702851772308, 0.197663351893425, 0.19770365953445435, 0.19762557744979858, 0.19769209623336792, 0.19772104918956757, 0.19768764078617096, 0.19766846299171448, 0.19766046106815338, 0.1976413130760193, 0.1976137012243271, 0.19760464131832123, 0.19759897887706757, 0.19759121537208557, 0.19757886230945587, 0.19756849110126495, 0.19757167994976044, 0.1975778341293335, 0.19757318496704102, 0.19757960736751556, 0.19757214188575745, 0.1975722312927246, 0.19757749140262604, 0.19757391512393951, 0.19757768511772156, 0.1975705772638321, 0.19756919145584106, 0.1975710541009903, 0.19756439328193665, 0.19756896793842316, 0.1975712925195694, 0.19757606089115143, 0.1975778043270111, 0.19758042693138123, 0.19757230579853058, 0.19757169485092163, 0.1975722461938858, 0.19757544994354248, 0.19757187366485596],