{"val_loss": [1.0559637546539307, 0.7494699358940125, 0.5553853511810303, 0.4555452764034271, 0.434604674577713, 0.44480156898498535, 0.4416710138320923, 0.45073166489601135, 0.46136125922203064, 0.46177658438682556, 0.4693935811519623, 0.48439621925354004, 0.4965675175189972, 0.5076208710670471, 0.530449390411377, 0.5361171364784241, 0.5482760071754456, 0.5533249378204346, 0.5636752843856812, 0.5701777338981628, 0.582160234451294, 0.639448881149292, 0.6204531192779541, 0.5916568636894226, 0.5614787340164185, 0.5356081128120422, 0.5107582807540894, 0.4872511923313141, 0.46453437209129333, 0.4418157637119293, 0.4213677942752838, 0.40257149934768677, 0.386440634727478, 0.36919915676116943, 0.35430869460105896, 0.3412407338619232, 0.3360060155391693, 0.33394819498062134, 0.33193743228912354, 0.33012986183166504, 0.32811328768730164, 0.3260308802127838, 0.3241843283176422, 0.3221726417541504, 0.32047146558761597, 0.31887027621269226, 0.31812551617622375, 0.3178361654281616, 0.3176591694355011, 0.3174726963043213, 0.3172934949398041, 0.31720301508903503, 0.31721240282058716, 0.3171684741973877, 0.31717878580093384, 0.31716832518577576, 0.3171547055244446, 0.3171612322330475, 0.31711703538894653, 0.31710782647132874, 0.31711018085479736, 0.3170889616012573, 0.31708043813705444, 0.3170969486236572, 0.317100465297699, 0.31705519556999207, 0.31706228852272034, 0.31704044342041016, 0.31701305508613586, 0.3169853687286377, 0.31694939732551575, 0.31693729758262634, 0.31689828634262085, 0.316904753446579, 0.316893607378006, 0.3168591260910034, 0.3168168067932129, 0.31679919362068176, 0.31681904196739197, 0.3168182373046875], "val_mean_squared_error": [0.10431664437055588, 0.08230087161064148, 0.07838188111782074, 0.07512378692626953, 0.07537171989679337, 0.07793286442756653, 0.07728467136621475, 0.0772019699215889, 0.07999853789806366, 0.07721810042858124, 0.07749509066343307, 0.07848446071147919, 0.07994934916496277, 0.08010502904653549, 0.08473298698663712, 0.08463672548532486, 0.0867900624871254, 0.08807433396577835, 0.08823743462562561, 0.08974108099937439, 0.08896204084157944, 0.0940513014793396, 0.09118182957172394, 0.08889413625001907, 0.08745880424976349, 0.0863884910941124, 0.08546348661184311, 0.08454691618680954, 0.08382090926170349, 0.08300773799419403, 0.08218616247177124, 0.08134536445140839, 0.08108976483345032, 0.08053846657276154, 0.08010806888341904, 0.07979807257652283, 0.07968485355377197, 0.07975956797599792, 0.07979001104831696, 0.07985275238752365, 0.0798601359128952, 0.07983984053134918, 0.07982993870973587, 0.07981154322624207, 0.07981033623218536, 0.07979521155357361, 0.07982748746871948, 0.07985248416662216, 0.07988164573907852, 0.07990458607673645, 0.07991461455821991, 0.07992646098136902, 0.0799475610256195, 0.07995215058326721, 0.07996589690446854, 0.07997669279575348, 0.07998904585838318, 0.08000078797340393, 0.07999874651432037, 0.08000611513853073, 0.08001735806465149, 0.08002094179391861, 0.08002693951129913, 0.08003450185060501, 0.08003854751586914, 0.0800311490893364, 0.08004314452409744, 0.08004532009363174, 0.08003921806812286, 0.08003320544958115, 0.08002873510122299, 0.0800308957695961, 0.08002748340368271, 0.0800384134054184, 0.08003854751586914, 0.08003644645214081, 0.08003493398427963, 0.08003517985343933, 0.08004438132047653, 0.08004684746265411], "val_cosine_proximity": [-0.2804231345653534, -0.3584969639778137, -0.3678520917892456, -0.37319207191467285, -0.37084344029426575, -0.3547731339931488, -0.37010109424591064, -0.3674796223640442, -0.3633274734020233, -0.3693617284297943, -0.3674359917640686, -0.3603014051914215, -0.3520711064338684, -0.35085445642471313, -0.3273533284664154, -0.33001503348350525, -0.3188401460647583, -0.3309045433998108, -0.3294440507888794, -0.33194273710250854, -0.31969255208969116, -0.30614566802978516, -0.31440871953964233, -0.316275954246521, -0.32054829597473145, -0.31885668635368347, -0.3176494538784027, -0.3161813020706177, -0.31619793176651, -0.3183877468109131, -0.31817427277565, -0.3170508146286011, -0.3140198588371277, -0.31461572647094727, -0.3129614591598511, -0.3103340268135071, -0.31038200855255127, -0.3101482689380646, -0.31026336550712585, -0.31014859676361084, -0.310344398021698, -0.3106629550457001, -0.31052789092063904, -0.3107728064060211, -0.31044238805770874, -0.30991116166114807, -0.3098575174808502, -0.30992141366004944, -0.3099321126937866, -0.3099697232246399, -0.30996960401535034, -0.31000733375549316, -0.30997318029403687, -0.3100298345088959, -0.30999839305877686, -0.3100024163722992, -0.3100162744522095, -0.3099888563156128, -0.3100349009037018, -0.31003066897392273, -0.31001046299934387, -0.3100219666957855, -0.31001314520835876, -0.3099576234817505, -0.3099205493927002, -0.3099581003189087, -0.30992966890335083, -0.30993950366973877, -0.3099444508552551, -0.3099500238895416, -0.3099750876426697, -0.3099655210971832, -0.3099985420703888, -0.30996963381767273, -0.30995404720306396, -0.3099808990955353, -0.31002408266067505, -0.31002163887023926, -0.30996230244636536, -0.3099309504032135], "val_mean_absolute_error": [0.24838542938232422, 0.22172558307647705, 0.2167060822248459, 0.21157974004745483, 0.21253089606761932, 0.21612495183944702, 0.2151503711938858, 0.21519693732261658, 0.21950405836105347, 0.2154337763786316, 0.21582867205142975, 0.21792583167552948, 0.21986690163612366, 0.21989063918590546, 0.22669106721878052, 0.2263127565383911, 0.2291652113199234, 0.23110981285572052, 0.2321559190750122, 0.23328426480293274, 0.23255634307861328, 0.23996196687221527, 0.23579582571983337, 0.23233608901500702, 0.23020875453948975, 0.22841280698776245, 0.22690372169017792, 0.22535789012908936, 0.22432053089141846, 0.22301475703716278, 0.22172676026821136, 0.220492422580719, 0.21991272270679474, 0.21885646879673004, 0.2182176262140274, 0.2176007777452469, 0.21735264360904694, 0.21749073266983032, 0.21756139397621155, 0.2176745980978012, 0.2177072912454605, 0.2176879346370697, 0.21766212582588196, 0.21764907240867615, 0.21765123307704926, 0.21763281524181366, 0.2176845520734787, 0.2177388072013855, 0.21779300272464752, 0.21783345937728882, 0.21785742044448853, 0.21788257360458374, 0.21792002022266388, 0.21793222427368164, 0.21795544028282166, 0.21797576546669006, 0.21799570322036743, 0.21801532804965973, 0.21801534295082092, 0.2180289775133133, 0.2180456966161728, 0.21805110573768616, 0.21805910766124725, 0.21806888282299042, 0.21807514131069183, 0.21806640923023224, 0.21808576583862305, 0.21808931231498718, 0.21808117628097534, 0.2180752158164978, 0.21807102859020233, 0.21807262301445007, 0.2180691957473755, 0.21808156371116638, 0.21808074414730072, 0.21807730197906494, 0.21807284653186798, 0.21807356178760529, 0.21808651089668274, 0.2180883288383484],