{"val_loss": [1.5815705060958862, 0.7400535345077515, 0.5066719055175781, 0.42169177532196045, 0.40478917956352234, 0.39472365379333496, 0.39778509736061096, 0.39290791749954224, 0.41181811690330505, 0.39476028084754944, 0.3930093050003052, 0.392843633890152, 0.3990752398967743, 0.39078623056411743, 0.39105653762817383, 0.4204385280609131, 0.4063309133052826, 0.4071529805660248, 0.40392476320266724, 0.40764957666397095, 0.4166738986968994, 0.5395393967628479, 0.454287588596344, 0.3599820137023926, 0.28350943326950073, 0.22866801917552948, 0.19214048981666565, 0.16910278797149658, 0.15683194994926453, 0.14971138536930084, 0.14738096296787262, 0.14131368696689606, 0.1426929533481598, 0.14051076769828796, 0.14220046997070312, 0.14182591438293457, 0.14825759828090668, 0.14180953800678253, 0.135232612490654, 0.12994998693466187, 0.1248888373374939, 0.12098950892686844, 0.11838751286268234, 0.11604107916355133, 0.11387941241264343, 0.11253436654806137, 0.11220311373472214, 0.11176885664463043, 0.1112842932343483, 0.110816091299057, 0.11040271073579788, 0.11023389548063278, 0.11013084650039673, 0.11002595722675323, 0.10991315543651581, 0.1098395586013794, 0.10981860756874084, 0.10977639257907867, 0.10981965810060501, 0.10972943902015686, 0.10968054831027985, 0.10962752997875214, 0.10960616171360016, 0.1095210462808609, 0.10944738984107971, 0.10944391041994095, 0.10939162969589233, 0.10940175503492355, 0.10934584587812424, 0.10938132554292679, 0.10934419929981232, 0.10931973904371262, 0.10931220650672913, 0.10928221791982651, 0.10927760601043701, 0.10930915176868439, 0.10923464596271515, 0.10922771692276001, 0.10917454957962036, 0.10915450006723404], "val_mean_squared_error": [0.1288057565689087, 0.10058081150054932, 0.11373188346624374, 0.0995926633477211, 0.0986931100487709, 0.09766938537359238, 0.1017681360244751, 0.10018615424633026, 0.11264650523662567, 0.10298137366771698, 0.10014685243368149, 0.10113704204559326, 0.10250425338745117, 0.09719394147396088, 0.09606638550758362, 0.11334335803985596, 0.10178060829639435, 0.10165135562419891, 0.09702950716018677, 0.0976397842168808, 0.10324098914861679, 0.1089724749326706, 0.0938180536031723, 0.09025628864765167, 0.08921334147453308, 0.08877986669540405, 0.08813995122909546, 0.08697829395532608, 0.0864943340420723, 0.08598160743713379, 0.08651739358901978, 0.0846109464764595, 0.08618102967739105, 0.08534235507249832, 0.0867830365896225, 0.08698129653930664, 0.08574733883142471, 0.08441931009292603, 0.08419419825077057, 0.0842929556965828, 0.08415677398443222, 0.08405131101608276, 0.08429162204265594, 0.08438613265752792, 0.08418546617031097, 0.08425478637218475, 0.08415333181619644, 0.08409509062767029, 0.08405047655105591, 0.08400148153305054, 0.08395589888095856, 0.08393373340368271, 0.08389731496572495, 0.08385046571493149, 0.08379831165075302, 0.0837709903717041, 0.08378107845783234, 0.0837760791182518, 0.0838308334350586, 0.08379103243350983, 0.08378070592880249, 0.08376574516296387, 0.08377304673194885, 0.08373592793941498, 0.0837065577507019, 0.0837261825799942, 0.08371050655841827, 0.08373957872390747, 0.08372147381305695, 0.08376828581094742, 0.08376233279705048, 0.08376501500606537, 0.08377902954816818, 0.0837770327925682, 0.08379285037517548, 0.08383576571941376, 0.08380158990621567, 0.08381815999746323, 0.08379942178726196, 0.08380208164453506], "val_cosine_proximity": [-0.38970017433166504, -0.5154421329498291, -0.5083932876586914, -0.5409906506538391, -0.5366813540458679, -0.5390889644622803, -0.5454392433166504, -0.5411016941070557, -0.49863773584365845, -0.5308156609535217, -0.5320357084274292, -0.5361202955245972, -0.5267578363418579, -0.5407837629318237, -0.538348913192749, -0.4856465458869934, -0.5342222452163696, -0.5253945589065552, -0.5410059094429016, -0.5441068410873413, -0.5243381261825562, -0.48658791184425354, -0.5591897964477539, -0.5878490209579468, -0.5937612652778625, -0.5966335535049438, -0.600189745426178, -0.6062082052230835, -0.6093438863754272, -0.6111351251602173, -0.6088554859161377, -0.617500901222229, -0.6098130941390991, -0.614197850227356, -0.6076696515083313, -0.6082795858383179, -0.6091755032539368, -0.6169156432151794, -0.6192071437835693, -0.6188951134681702, -0.6193968057632446, -0.6194804906845093, -0.6180510520935059, -0.6172041893005371, -0.6178407669067383, -0.6169415712356567, -0.6174263954162598, -0.6176273226737976, -0.6177953481674194, -0.617958664894104, -0.6180486083030701, -0.6181047558784485, -0.618263840675354, -0.6184481382369995, -0.6186838746070862, -0.6187821626663208, -0.6187418103218079, -0.6187601685523987, -0.6185203790664673, -0.6186719536781311, -0.6187160611152649, -0.6187666654586792, -0.6187298893928528, -0.618876576423645, -0.6189973950386047, -0.6189073324203491, -0.6189708709716797, -0.618841290473938, -0.6189001798629761, -0.6187212467193604, -0.61872798204422, -0.6187061071395874, -0.6186455488204956, -0.618638813495636, -0.6185742020606995, -0.6184097528457642, -0.6185413599014282, -0.6184870600700378, -0.6185436248779297, -0.6185111999511719], "val_mean_absolute_error": [0.2791357636451721, 0.24680650234222412, 0.2625409960746765, 0.24545972049236298, 0.2455345094203949, 0.24254195392131805, 0.24784545600414276, 0.2468794286251068, 0.2626569867134094, 0.24955932796001434, 0.24554705619812012, 0.24675309658050537, 0.24906139075756073, 0.24170145392417908, 0.24045467376708984, 0.26150545477867126, 0.24765169620513916, 0.2469184398651123, 0.24198870360851288, 0.24362166225910187, 0.24900195002555847, 0.2576853632926941, 0.23796530067920685, 0.23243212699890137, 0.23074746131896973, 0.2302703857421875, 0.22954168915748596, 0.22828087210655212, 0.22775916755199432, 0.2271626740694046, 0.22801046073436737, 0.22541382908821106, 0.22758698463439941, 0.22665686905384064, 0.2284582555294037, 0.2285199910402298, 0.22701695561408997, 0.22517092525959015, 0.22486035525798798, 0.22503741085529327, 0.22488267719745636, 0.2247876226902008, 0.22525224089622498, 0.22533559799194336, 0.22512944042682648, 0.2252776324748993, 0.22518034279346466, 0.22511741518974304, 0.22506478428840637, 0.22500674426555634, 0.22495849430561066, 0.224931001663208, 0.2248871624469757, 0.22483289241790771, 0.22477133572101593, 0.22473879158496857, 0.22475126385688782, 0.22474613785743713, 0.22480988502502441, 0.22476384043693542, 0.22475168108940125, 0.22473350167274475, 0.22474250197410583, 0.22469773888587952, 0.2246628701686859, 0.22468730807304382, 0.2246696501970291, 0.22470363974571228, 0.2246820628643036, 0.22473867237567902, 0.22473259270191193, 0.22473624348640442, 0.22475352883338928, 0.22475051879882812, 0.22476954758167267, 0.22482161223888397, 0.22478146851062775, 0.22480110824108124, 0.22477929294109344, 0.2247830629348755],