{"val_loss": [5.913830757141113, 5.001847267150879, 3.8432669639587402, 2.555824041366577, 1.6451268196105957, 1.9746148586273193, 1.7956833839416504, 1.4472126960754395, 1.4221234321594238, 1.3538849353790283, 1.3446584939956665, 1.3426189422607422, 1.3435215950012207, 1.3397411108016968, 1.336938500404358, 1.3370113372802734, 1.3374308347702026, 1.3358774185180664, 1.3330458402633667, 1.3347007036209106, 1.3301503658294678, 1.3312914371490479, 1.329062819480896, 1.3279169797897339, 1.3268492221832275, 1.3256105184555054, 1.3257291316986084, 1.3250073194503784, 1.325221300125122, 1.3226863145828247, 1.3193200826644897, 1.3199782371520996, 1.318233847618103, 1.3167353868484497, 1.3159904479980469, 1.3171626329421997, 1.3136494159698486, 1.3131513595581055, 1.3139573335647583, 1.3112757205963135, 1.3107874393463135, 1.3110181093215942, 1.3085616827011108, 1.3064221143722534, 1.3075177669525146, 1.3070757389068604, 1.305554747581482, 1.3057163953781128, 1.3034148216247559, 1.3041311502456665, 1.3039228916168213, 1.3023096323013306, 1.3019980192184448, 1.3027019500732422, 1.30166494846344, 1.2983444929122925, 1.300816297531128, 1.297926425933838, 1.2979857921600342, 1.2960864305496216, 1.295318841934204, 1.2962838411331177, 1.2955758571624756, 1.2941457033157349, 1.29635488986969, 1.2916390895843506, 1.2914633750915527, 1.2929445505142212, 1.2929259538650513, 1.2904117107391357, 1.290068507194519, 1.2912460565567017, 1.2883715629577637, 1.2871387004852295, 1.28875732421875, 1.2870354652404785, 1.2871447801589966, 1.2875087261199951, 1.2855888605117798, 1.2863820791244507], "val_mean_squared_error": [1.228796124458313, 1.218080759048462, 1.2087606191635132, 1.2027125358581543, 1.2059216499328613, 1.2173378467559814, 1.219313621520996, 1.2151880264282227, 1.2153054475784302, 1.2170664072036743, 1.2162960767745972, 1.2167240381240845, 1.2165162563323975, 1.2166486978530884, 1.2163364887237549, 1.2165496349334717, 1.2163355350494385, 1.216201663017273, 1.216088891029358, 1.2163211107254028, 1.2157858610153198, 1.2161182165145874, 1.2159183025360107, 1.2162538766860962, 1.2155210971832275, 1.2160682678222656, 1.2153918743133545, 1.2156444787979126, 1.2154171466827393, 1.215238094329834, 1.2151939868927002, 1.2154182195663452, 1.214999794960022, 1.2153304815292358, 1.2150518894195557, 1.215063214302063, 1.214777946472168, 1.2151448726654053, 1.2146918773651123, 1.2148559093475342, 1.2145090103149414, 1.2144873142242432, 1.214353322982788, 1.2142934799194336, 1.2146575450897217, 1.214428424835205, 1.2144043445587158, 1.2143207788467407, 1.213396668434143, 1.213994026184082, 1.213533878326416, 1.2138845920562744, 1.2138911485671997, 1.2135531902313232, 1.2138053178787231, 1.2133982181549072, 1.2133581638336182, 1.2132327556610107, 1.2129089832305908, 1.213643193244934, 1.2135471105575562, 1.213171124458313, 1.2121798992156982, 1.2128314971923828, 1.2129552364349365, 1.212623119354248, 1.212463617324829, 1.21275794506073, 1.2126541137695312, 1.2122688293457031, 1.2124278545379639, 1.212266206741333, 1.2127004861831665, 1.2123348712921143, 1.212882399559021, 1.2120813131332397, 1.2119615077972412, 1.2125508785247803, 1.2117611169815063, 1.2117420434951782], "val_cosine_proximity": [-0.008722234517335892, -0.013329343870282173, -0.021424056962132454, -0.03440523147583008, -0.02508031204342842, -0.004040221683681011, -0.0003454551042523235, -0.00531478738412261, -0.005563346203416586, -0.0026954093482345343, -0.0050442395731806755, -0.0032879612408578396, -0.0033903163857758045, -0.003106216434389353, -0.004113455303013325, -0.0030461419373750687, -0.003190974472090602, -0.0033882618881762028, -0.003654956119135022, -0.002240168396383524, -0.004136642906814814, -0.002431500470265746, -0.0036710998974740505, -0.0018126688664779067, -0.004221550188958645, -0.002003552857786417, -0.004267663694918156, -0.0026675411500036716, -0.0036051913630217314, -0.0035952937323600054, -0.00388067658059299, -0.0024213267024606466, -0.003515861229971051, -0.002609529299661517, -0.003139893291518092, -0.0026706340722739697, -0.003685115370899439, -0.002394216600805521, -0.0032274089753627777, -0.0022227175068110228, -0.004294262733310461, -0.0033524532336741686, -0.0035454954486340284, -0.003995164297521114, -0.0021238098852336407, -0.0027966699562966824, -0.0023120108526200056, -0.0027743875980377197, -0.0056982203386723995, -0.003504859283566475, -0.004379936493933201, -0.0033120601437985897, -0.0030426953453570604, -0.0036953873932361603, -0.00262063997797668, -0.004350815899670124, -0.004101203288882971, -0.00443622749298811, -0.0049647120758891106, -0.0024205290246754885, -0.002653135685250163, -0.0034270607866346836, -0.007049936801195145, -0.004048359580338001, -0.0031418364960700274, -0.005103982985019684, -0.005191220436245203, -0.003559329081326723, -0.0036762282252311707, -0.005563580896705389, -0.004315911326557398, -0.004610044416040182, -0.0029640335123986006, -0.004334202967584133, -0.0016832321416586637, -0.004712323658168316, -0.0049955155700445175, -0.0025932241696864367, -0.005153736099600792, -0.004997533746063709], "val_mean_absolute_error": [0.8635810613632202, 0.8593657612800598, 0.8557673692703247, 0.8532267808914185, 0.8542665243148804, 0.8586103320121765, 0.8593553304672241, 0.8579469919204712, 0.8580183982849121, 0.8586356043815613, 0.8582993745803833, 0.8585087656974792, 0.8584697842597961, 0.8584452867507935, 0.8583186864852905, 0.8583967089653015, 0.8583361506462097, 0.858284592628479, 0.8582514524459839, 0.8583952188491821, 0.8581242561340332, 0.8582531213760376, 0.8580754995346069, 0.8583233952522278, 0.8580029606819153, 0.8582155108451843, 0.8579946756362915, 0.8581288456916809, 0.8580009341239929, 0.8579807281494141, 0.8578875660896301, 0.8580198287963867, 0.857853889465332, 0.8579450845718384, 0.8578763008117676, 0.8578716516494751, 0.8577321171760559, 0.8578577041625977, 0.8577674031257629, 0.8577860593795776, 0.8575611114501953, 0.8576682806015015, 0.857612133026123, 0.8575213551521301, 0.8577042818069458, 0.8576202392578125, 0.8576308488845825, 0.8575509786605835, 0.8572535514831543, 0.8574433326721191, 0.857323169708252, 0.8574109077453613, 0.8574010133743286, 0.857337474822998, 0.8574262857437134, 0.857196033000946, 0.857230007648468, 0.8571246862411499, 0.8570971488952637, 0.8572959899902344, 0.8572454452514648, 0.8571479916572571, 0.8567569851875305, 0.8570559620857239, 0.8571149110794067, 0.8568704724311829, 0.8568605184555054, 0.8569861650466919, 0.8569809794425964, 0.8567549586296082, 0.8568358421325684, 0.8568251729011536, 0.8569604754447937, 0.8567493557929993, 0.857016384601593, 0.8566948175430298, 0.8566710352897644, 0.8568649291992188, 0.8566265106201172, 0.8566046953201294],