{"val_loss": [2.0591177940368652, 1.7696509063243866, 1.5062832236289978, 1.304936558008194, 1.2036708891391754, 1.1641137599945068, 1.1467132568359375, 1.1404680907726288, 1.1337388753890991, 1.1320433616638184, 1.1286572813987732, 1.1313331723213196, 1.1280627250671387, 1.1278158724308014, 1.1309451460838318, 1.1295405626296997, 1.1314403414726257, 1.1316086947917938, 1.1351287066936493, 1.13668292760849, 1.1787866950035095, 1.1644947826862335, 1.1407763361930847, 1.1203983426094055, 1.1022213399410248, 1.0860066711902618, 1.0720776915550232, 1.060623824596405, 1.0510226488113403, 1.0431329011917114, 1.035975068807602, 1.0303976088762283, 1.026042565703392, 1.0219500064849854, 1.018872082233429, 1.0192349553108215, 1.0184998959302902, 1.0171876847743988, 1.0157843828201294, 1.0145317316055298, 1.013274148106575, 1.012169525027275, 1.011092945933342, 1.0101355016231537, 1.0091951787471771, 1.0088196098804474, 1.0086490958929062, 1.0085126757621765, 1.008380487561226, 1.0082627087831497, 1.00819830596447, 1.008174106478691, 1.0081500113010406, 1.0081323087215424, 1.008114367723465, 1.0081000626087189, 1.008087858557701, 1.0080819576978683, 1.0080656558275223, 1.0080391615629196, 1.0080254822969437, 1.0080109983682632, 1.0079977065324783, 1.0079810917377472, 1.007980301976204, 1.0079729557037354, 1.007973074913025, 1.007951706647873, 1.0079480111598969, 1.0079370588064194, 1.00791734457016, 1.0079088658094406, 1.0078827887773514, 1.0078758895397186, 1.0078678578138351, 1.0078659802675247, 1.007851481437683, 1.0078418254852295, 1.0078324526548386, 1.0078296810388565], "val_mean_squared_error": [0.9692894220352173, 0.9534578174352646, 0.9493290930986404, 0.9448541104793549, 0.9429432302713394, 0.9418801367282867, 0.9399608075618744, 0.9396116137504578, 0.9391120970249176, 0.9395291805267334, 0.9398419409990311, 0.9422825574874878, 0.940889909863472, 0.9410826116800308, 0.9407262951135635, 0.9419720023870468, 0.9419548064470291, 0.9393764585256577, 0.9419844448566437, 0.9433542788028717, 0.9488020837306976, 0.9435316026210785, 0.9401569962501526, 0.9398405402898788, 0.9400617778301239, 0.9399738758802414, 0.93973109126091, 0.9397326409816742, 0.9398761689662933, 0.9399540424346924, 0.9396843761205673, 0.9394761621952057, 0.9395378977060318, 0.9390487819910049, 0.938975140452385, 0.9390944093465805, 0.9390513896942139, 0.9389666765928268, 0.9388573169708252, 0.9388404041528702, 0.9387207180261612, 0.9386821240186691, 0.9386514127254486, 0.9386489689350128, 0.9385945647954941, 0.9386148452758789, 0.9386013448238373, 0.9385865181684494, 0.938561886548996, 0.9385490715503693, 0.938536986708641, 0.9385323971509933, 0.938522458076477, 0.9385166764259338, 0.9385094791650772, 0.9385059475898743, 0.9385039210319519, 0.9385069906711578, 0.938501700758934, 0.9384874105453491, 0.9384844750165939, 0.9384806007146835, 0.9384779334068298, 0.9384720325469971, 0.9384802430868149, 0.9384828358888626, 0.9384914934635162, 0.9384822100400925, 0.9384878575801849, 0.9384873658418655, 0.9384791105985641, 0.9384805709123611, 0.9384671747684479, 0.938469797372818, 0.9384719878435135, 0.9384791105985641, 0.9384749084711075, 0.938475713133812, 0.9384765625, 0.9384828805923462], "val_cosine_proximity": [-0.0861540986225009, -0.1423485316336155, -0.15687000378966331, -0.17097941786050797, -0.17979402467608452, -0.18146966397762299, -0.1856757551431656, -0.18618160113692284, -0.1877574510872364, -0.18677550926804543, -0.185922522097826, -0.1774890385568142, -0.1842750757932663, -0.18421504646539688, -0.1834828518331051, -0.1817108392715454, -0.1796404905617237, -0.18572839349508286, -0.18019312247633934, -0.17900375649333, -0.16065232455730438, -0.1775156669318676, -0.18860676139593124, -0.19092296808958054, -0.19190165400505066, -0.1931869350373745, -0.19420256465673447, -0.19431594386696815, -0.19457587972283363, -0.19504325091838837, -0.19682937487959862, -0.19663924351334572, -0.19713526964187622, -0.1983463577926159, -0.19871576875448227, -0.19883845373988152, -0.19893720746040344, -0.19919850304722786, -0.1994594894349575, -0.19953235238790512, -0.19974830746650696, -0.19980893656611443, -0.20002761110663414, -0.20011555403470993, -0.20024928450584412, -0.2002251036465168, -0.2002514861524105, -0.20029641315340996, -0.2003430314362049, -0.20036086812615395, -0.2003823034465313, -0.20039353892207146, -0.20041589811444283, -0.20043111220002174, -0.200435571372509, -0.20043985918164253, -0.20044219866394997, -0.2004297636449337, -0.20043805241584778, -0.20046000182628632, -0.20046427100896835, -0.2004687376320362, -0.20047403126955032, -0.20048071816563606, -0.2004692107439041, -0.2004663124680519, -0.20045077428221703, -0.20046785101294518, -0.2004605531692505, -0.20046376809477806, -0.20047596096992493, -0.20047390460968018, -0.2005000077188015, -0.20049412176012993, -0.20049582421779633, -0.20048657432198524, -0.2004915028810501, -0.2004939280450344, -0.2004934512078762, -0.20048335939645767], "val_mean_absolute_error": [0.7768510580062866, 0.7700715065002441, 0.7683277726173401, 0.7665123045444489, 0.7657387852668762, 0.765259400010109, 0.7642626613378525, 0.7642566561698914, 0.7641312479972839, 0.764191284775734, 0.7643058747053146, 0.7653290778398514, 0.7648302316665649, 0.7647477984428406, 0.7646598368883133, 0.765124037861824, 0.7652642279863358, 0.7641255408525467, 0.7652303278446198, 0.7658558934926987, 0.7683082967996597, 0.7659533470869064, 0.7644523233175278, 0.7642837911844254, 0.7644064426422119, 0.7643596231937408, 0.7642733454704285, 0.7642869353294373, 0.7643087655305862, 0.7643743753433228, 0.7642335295677185, 0.7641332000494003, 0.7642050832509995, 0.7639596611261368, 0.7639064192771912, 0.7639663517475128, 0.7639407813549042, 0.7638928294181824, 0.7638466954231262, 0.763833224773407, 0.7637831419706345, 0.763761356472969, 0.7637449502944946, 0.7637435495853424, 0.7637203186750412, 0.7637210935354233, 0.7637127190828323, 0.7637036889791489, 0.7636924237012863, 0.7636863440275192, 0.7636802643537521, 0.7636763006448746, 0.7636712044477463, 0.7636679261922836, 0.7636638432741165, 0.7636615335941315, 0.7636605054140091, 0.763661339879036, 0.7636594176292419, 0.7636534869670868, 0.763652428984642, 0.7636509239673615, 0.7636498063802719, 0.7636473476886749, 0.7636502236127853, 0.7636504620313644, 0.7636533081531525, 0.7636496275663376, 0.7636522501707077, 0.7636513561010361, 0.7636481523513794, 0.7636491060256958, 0.7636438757181168, 0.7636440098285675, 0.7636452168226242, 0.7636481523513794, 0.7636464536190033, 0.7636468857526779, 0.763646811246872, 0.7636490613222122],