{"val_loss": [4.352567672729492, 1.6334457397460938, 1.5871280431747437, 1.307431936264038, 1.26369047164917, 1.2585179805755615, 1.3058191537857056, 1.2187201976776123, 1.1951261758804321, 1.1857329607009888, 1.1839168071746826, 1.1834135055541992, 1.1831821203231812, 1.182848334312439, 1.1832505464553833, 1.1826581954956055, 1.1824333667755127, 1.1818418502807617, 1.1817066669464111, 1.181100845336914, 1.1809583902359009, 1.1805728673934937, 1.1798046827316284, 1.1802563667297363, 1.1801403760910034, 1.1791942119598389, 1.179588794708252, 1.1786506175994873, 1.1786062717437744, 1.1783175468444824, 1.1782784461975098, 1.1778388023376465, 1.1776015758514404, 1.1775085926055908, 1.1767977476119995, 1.177151083946228, 1.1825205087661743, 1.1729556322097778, 1.1702511310577393, 1.1692699193954468, 1.1691093444824219, 1.1690517663955688, 1.1690478324890137, 1.1689618825912476, 1.1689664125442505, 1.1688905954360962, 1.168900489807129, 1.1689049005508423, 1.1688660383224487, 1.1688698530197144, 1.1688438653945923, 1.1687952280044556, 1.1687402725219727, 1.1687523126602173, 1.1686750650405884, 1.1685961484909058, 1.1686301231384277, 1.168599009513855, 1.1685906648635864, 1.1684778928756714, 1.1684746742248535, 1.1684831380844116, 1.1684612035751343, 1.1684483289718628, 1.1683928966522217, 1.1683454513549805, 1.1683332920074463, 1.1683108806610107, 1.1682682037353516, 1.1682296991348267, 1.1682140827178955, 1.1682325601577759, 1.1681517362594604, 1.1681302785873413, 1.1681026220321655, 1.168121337890625, 1.1679867506027222, 1.1680423021316528, 1.167994499206543, 1.1679351329803467, 1.1679328680038452, 1.1678853034973145, 1.167881965637207, 1.167844295501709, 1.1678651571273804, 1.1678102016448975, 1.1677589416503906, 1.1677558422088623, 1.1677110195159912, 1.1677536964416504, 1.1676727533340454, 1.167679786682129, 1.1676366329193115, 1.1676068305969238, 1.1675074100494385, 1.1675589084625244, 1.1675325632095337, 1.1675198078155518, 1.167436957359314, 1.1674065589904785], "val_mean_squared_error": [1.1008158922195435, 1.088078260421753, 1.101833701133728, 1.1012380123138428, 1.1019842624664307, 1.1007856130599976, 1.098663330078125, 1.1012818813323975, 1.1031488180160522, 1.1029298305511475, 1.1030173301696777, 1.1028658151626587, 1.1028251647949219, 1.1028780937194824, 1.1029345989227295, 1.1029129028320312, 1.1028010845184326, 1.102819800376892, 1.1027538776397705, 1.1027108430862427, 1.1026872396469116, 1.1027120351791382, 1.1026884317398071, 1.1026867628097534, 1.1025491952896118, 1.1026157140731812, 1.1025750637054443, 1.102429747581482, 1.102428674697876, 1.1024672985076904, 1.1023107767105103, 1.1023845672607422, 1.1024097204208374, 1.102410078048706, 1.1022894382476807, 1.1024303436279297, 1.1023778915405273, 1.1023094654083252, 1.1024290323257446, 1.1024248600006104, 1.1024304628372192, 1.1024329662322998, 1.1024245023727417, 1.1024129390716553, 1.102413296699524, 1.1024233102798462, 1.1024186611175537, 1.1024078130722046, 1.1024061441421509, 1.102400302886963, 1.102412462234497, 1.1023955345153809, 1.1024014949798584, 1.1024091243743896, 1.1023839712142944, 1.1023924350738525, 1.102388620376587, 1.1023921966552734, 1.1023799180984497, 1.1023941040039062, 1.1023894548416138, 1.1023902893066406, 1.1023856401443481, 1.1023763418197632, 1.1023766994476318, 1.1023732423782349, 1.1023688316345215, 1.102368712425232, 1.1023699045181274, 1.1023656129837036, 1.1023614406585693, 1.1023614406585693, 1.1023473739624023, 1.1023566722869873, 1.102361798286438, 1.102344274520874, 1.1023484468460083, 1.1023445129394531, 1.102346658706665, 1.102346658706665, 1.1023333072662354, 1.102331280708313, 1.1023375988006592, 1.102325677871704, 1.1023244857788086, 1.1023296117782593, 1.1023244857788086, 1.1023197174072266, 1.1023225784301758, 1.1023257970809937, 1.1023043394088745, 1.1023229360580444, 1.1023212671279907, 1.1023019552230835, 1.1023077964782715, 1.102307915687561, 1.1022937297821045, 1.1023027896881104, 1.102295160293579, 1.102301836013794], "val_cosine_proximity": [0.0006970958784222603, -0.02579551376402378, 0.003906268626451492, 0.003957600332796574, 0.0063673099502921104, 0.0024194896686822176, -0.004332892596721649, 0.004909985698759556, 0.010137075558304787, 0.009378312155604362, 0.009711919352412224, 0.009280500933527946, 0.009225835092365742, 0.009544385597109795, 0.009843391366302967, 0.009833007119596004, 0.009521277621388435, 0.00966227799654007, 0.009481364861130714, 0.009458920918405056, 0.009400355629622936, 0.009577562101185322, 0.009591365233063698, 0.009634911082684994, 0.009266847744584084, 0.009522464126348495, 0.00952716451138258, 0.009079480543732643, 0.009203034453094006, 0.009389858692884445, 0.008920122869312763, 0.009326331317424774, 0.009436460211873055, 0.009539641439914703, 0.00914444774389267, 0.009735561907291412, 0.009722216986119747, 0.009389863349497318, 0.00963161513209343, 0.009601989760994911, 0.00963088683784008, 0.009644387289881706, 0.009624181315302849, 0.009591723792254925, 0.009598508477210999, 0.009640701115131378, 0.009635558351874352, 0.009604940190911293, 0.009607027284801006, 0.009596859104931355, 0.009648328647017479, 0.009587478823959827, 0.009618373587727547, 0.009659543633460999, 0.009574453346431255, 0.009609539993107319, 0.009607904590666294, 0.009632100351154804, 0.009593457914888859, 0.00964755192399025, 0.009642219170928001, 0.009656941518187523, 0.009645327925682068, 0.009620037861168385, 0.009630090557038784, 0.00962071679532528, 0.009612924419343472, 0.009626567363739014, 0.00963505171239376, 0.00962790660560131, 0.009619604796171188, 0.00963478535413742, 0.009591787122189999, 0.009628732688724995, 0.009655458852648735, 0.009602056816220284, 0.009618477895855904, 0.009618327021598816, 0.009632894769310951, 0.009638600051403046, 0.00960552878677845, 0.009597057476639748, 0.009629600681364536, 0.009591964073479176, 0.009604552760720253, 0.009629501961171627, 0.009615940973162651, 0.009607692249119282, 0.00962751917541027, 0.00965446699410677, 0.009580891579389572, 0.00965228583663702, 0.009654887951910496, 0.00959469098597765, 0.00961691327393055, 0.009629297070205212, 0.009587432257831097, 0.009625815786421299, 0.009608146734535694, 0.009636785835027695],